Country,Indicator,Unit,F1995,F1996,F1997,F1998,F1999,F2000,F2001,F2002,F2003,F2004,F2005,F2006,F2007,F2008,F2009,F2010,F2011,F2012,F2013,F2014,F2015,F2016,F2017,F2018,F2019,F2020,F2021,F2022
"Afghanistan, Islamic Rep. of",Climate-driven Hazard & Exposure,Index,,,,,,,,,,,,,,,,,,,6.3,6.3,6.3,6.3,6.3,6.3,6.3,6.3,6.5,6.5
"Afghanistan, Islamic Rep. of",Climate-driven INFORM Risk Indicator,Index,,,,,,,,,,,,,,,,,,,7.3,7.2,7.2,7.1,7,7.2,7.2,7.2,7.3,7.3
"Afghanistan, Islamic Rep. of",Lack of coping capacity,Index,,,,,,,,,,,,,,,,,,,8.2,7.6,7.6,7.4,7.3,7.2,7.2,7.1,7.1,7.1
"Afghanistan, Islamic Rep. of",Vulnerability,Index,,,,,,,,,,,,,,,,,,,7.6,7.7,7.7,7.8,7.6,8.3,8.4,8.2,8.5,8.5
Albania,Climate-driven Hazard & Exposure,Index,,,,,,,,,,,,,,,,,,,4.3,4.3,4.3,4.3,4.3,4.3,4.3,4.3,4.3,4.3
Albania,Climate-driven INFORM Risk Indicator,Index,,,,,,,,,,,,,,,,,,,3.4,3.2,3.2,3.2,3,2.9,3.2,3,3.2,3.2
Albania,Lack of coping capacity,Index,,,,,,,,,,,,,,,,,,,5,4.5,4.3,4.2,4.2,4.2,4.3,4.4,4.4,4.4
Albania,Vulnerability,Index,,,,,,,,,,,,,,,,,,,1.8,1.7,1.7,1.9,1.5,1.4,1.8,1.4,1.8,1.7
Algeria,Climate-driven Hazard & Exposure,Index,,,,,,,,,,,,,,,,,,,2.8,2.8,2.8,2.8,2.8,2.8,2.8,2.8,2.8,2.8
Algeria,Climate-driven INFORM Risk Indicator,Index,,,,,,,,,,,,,,,,,,,3.3,3.3,3.3,3.3,3.3,3.3,3.3,3.3,3.3,3.3
Algeria,Lack of coping capacity,Index,,,,,,,,,,,,,,,,,,,4.6,4.5,4.5,4.5,4.5,4.4,4.4,4.4,4.4,4.4
Algeria,Vulnerability,Index,,,,,,,,,,,,,,,,,,,2.9,2.9,2.9,2.9,2.9,2.9,2.9,2.9,2.9,2.9
Angola,Climate-driven Hazard & Exposure,Index,,,,,,,,,,,,,,,,,,,3.2,3.2,3.2,3.2,3.2,3.2,3.2,3.2,3.2,3.2
Angola,Climate-driven INFORM Risk Indicator,Index,,,,,,,,,,,,,,,,,,,4.9,4.9,4.8,4.8,4.9,4.9,4.8,4.8,4.9,4.8
Angola,Lack of coping capacity,Index,,,,,,,,,,,,,,,,,,,7.2,7.1,7.1,7,7,6.9,6.8,6.9,6.9,6.9
Angola,Vulnerability,Index,,,,,,,,,,,,,,,,,,,5,5.1,5,4.9,5.3,5.3,5.2,5.1,5.2,5.1
Antigua and Barbuda,Climate-driven Hazard & Exposure,Index,,,,,,,,,,,,,,,,,,,4.2,4.2,4.2,4.2,4.2,4.2,4.2,4.2,4.2,4.2
Antigua and Barbuda,Climate-driven INFORM Risk Indicator,Index,,,,,,,,,,,,,,,,,,,3.2,2.9,3,2.8,2.9,2.9,2.9,2.9,2.9,2.9
Antigua and Barbuda,Lack of coping capacity,Index,,,,,,,,,,,,,,,,,,,4,3.8,3.6,3.6,3.5,3.5,3.6,3.7,3.7,3.7
Antigua and Barbuda,Vulnerability,Index,,,,,,,,,,,,,,,,,,,1.9,1.6,1.8,1.4,1.6,1.7,1.6,1.5,1.5,1.5
Argentina,Climate-driven Hazard & Exposure,Index,,,,,,,,,,,,,,,,,,,3.9,3.9,3.9,3.9,3.9,3.9,3.9,3.9,4.2,4.2
Argentina,Climate-driven INFORM Risk Indicator,Index,,,,,,,,,,,,,,,,,,,2.8,2.8,2.8,2.9,2.8,2.9,3.4,3.4,3.5,3.5
Argentina,Lack of coping capacity,Index,,,,,,,,,,,,,,,,,,,3.8,3.6,3.6,3.5,3.4,3.4,3.4,3.5,3.6,3.6
Argentina,Vulnerability,Index,,,,,,,,,,,,,,,,,,,1.5,1.6,1.5,1.7,1.6,1.8,2.9,2.8,2.8,2.9
"Armenia, Rep. of",Climate-driven Hazard & Exposure,Index,,,,,,,,,,,,,,,,,,,3.3,3.3,3.3,3.3,3.3,3.3,3.3,3.3,3.3,3.3
"Armenia, Rep. of",Climate-driven INFORM Risk Indicator,Index,,,,,,,,,,,,,,,,,,,3.6,3.6,3.5,3.5,3.4,3.4,3.8,3.9,3.4,3.4
"Armenia, Rep. of",Lack of coping capacity,Index,,,,,,,,,,,,,,,,,,,5,4.8,4.8,4.8,4.7,4.7,4.6,4.5,4.5,4.5
"Armenia, Rep. of",Vulnerability,Index,,,,,,,,,,,,,,,,,,,2.9,2.9,2.8,2.7,2.5,2.5,3.6,4,2.6,2.6
Australia,Climate-driven Hazard & Exposure,Index,,,,,,,,,,,,,,,,,,,5.5,5.5,5.5,5.5,5.5,5.5,5.5,5.5,5.5,5.5
Australia,Climate-driven INFORM Risk Indicator,Index,,,,,,,,,,,,,,,,,,,2.7,2.7,2.7,2.8,2.9,2.9,2.9,2.9,2.9,2.9
Australia,Lack of coping capacity,Index,,,,,,,,,,,,,,,,,,,2.1,2.1,2.1,2,2.1,2.1,2.1,2.1,2.1,2.1
Australia,Vulnerability,Index,,,,,,,,,,,,,,,,,,,1.8,1.8,1.8,1.9,2.1,2.2,2.2,2.2,2.2,2.2
Austria,Climate-driven Hazard & Exposure,Index,,,,,,,,,,,,,,,,,,,2.8,2.8,2.8,2.8,2.8,2.8,2.8,2.8,2.8,2.8
Austria,Climate-driven INFORM Risk Indicator,Index,,,,,,,,,,,,,,,,,,,2.1,2.1,2.2,2.2,2.2,2.2,2.2,2.2,2.3,2.3
Austria,Lack of coping capacity,Index,,,,,,,,,,,,,,,,,,,1.6,1.4,1.4,1.5,1.5,1.5,1.5,1.5,1.5,1.5
Austria,Vulnerability,Index,,,,,,,,,,,,,,,,,,,2.1,2.2,2.6,2.6,2.6,2.6,2.6,2.6,3,3
"Azerbaijan, Rep. of",Climate-driven Hazard & Exposure,Index,,,,,,,,,,,,,,,,,,,3.6,3.6,3.6,3.6,3.6,3.6,3.6,3.6,3.6,3.6
"Azerbaijan, Rep. of",Climate-driven INFORM Risk Indicator,Index,,,,,,,,,,,,,,,,,,,4.5,4.4,4.3,4.3,4.1,4.2,4.3,4.4,4.4,4.4
"Azerbaijan, Rep. of",Lack of coping capacity,Index,,,,,,,,,,,,,,,,,,,5.1,4.8,4.6,4.6,4.5,4.7,4.5,4.6,4.6,4.6
"Azerbaijan, Rep. of",Vulnerability,Index,,,,,,,,,,,,,,,,,,,4.9,4.9,4.9,4.9,4.4,4.3,5,5.2,5,5
"Bahamas, The",Climate-driven Hazard & Exposure,Index,,,,,,,,,,,,,,,,,,,4.9,4.9,4.9,4.9,4.9,4.9,4.9,4.9,4.9,4.9
"Bahamas, The",Climate-driven INFORM Risk Indicator,Index,,,,,,,,,,,,,,,,,,,3,2.9,3,3,3,3,3.1,3.1,3.1,3
"Bahamas, The",Lack of coping capacity,Index,,,,,,,,,,,,,,,,,,,3.1,2.9,2.9,3,3,3.1,3,3.1,3.1,3.1
"Bahamas, The",Vulnerability,Index,,,,,,,,,,,,,,,,,,,1.8,1.8,1.9,1.8,1.8,1.8,2,2,1.9,1.7
"Bahrain, Kingdom of",Climate-driven Hazard & Exposure,Index,,,,,,,,,,,,,,,,,,,0.1,0.1,0.1,0.1,0.1,0.1,0.1,0.1,0.1,0.1
"Bahrain, Kingdom of",Climate-driven INFORM Risk Indicator,Index,,,,,,,,,,,,,,,,,,,0.7,0.7,0.7,0.7,0.7,0.7,0.7,0.7,0.7,0.7
"Bahrain, Kingdom of",Lack of coping capacity,Index,,,,,,,,,,,,,,,,,,,2.8,2.8,2.8,2.9,3.1,3.2,3.1,3,3,3
"Bahrain, Kingdom of",Vulnerability,Index,,,,,,,,,,,,,,,,,,,1.5,1.4,1.3,1.2,1.2,1.2,1.2,1.1,1.1,1.1
Bangladesh,Climate-driven Hazard & Exposure,Index,,,,,,,,,,,,,,,,,,,7.9,7.9,7.9,7.9,7.9,7.9,7.9,7.9,7.9,7.9
Bangladesh,Climate-driven INFORM Risk Indicator,Index,,,,,,,,,,,,,,,,,,,6.2,6.1,6.1,6,6.2,6,6,6,5.9,6
Bangladesh,Lack of coping capacity,Index,,,,,,,,,,,,,,,,,,,5.6,5.3,5.3,5.1,5,5,4.9,4.9,4.9,4.9
Bangladesh,Vulnerability,Index,,,,,,,,,,,,,,,,,,,5.4,5.4,5.3,5.3,5.9,5.4,5.6,5.7,5.4,5.5
Barbados,Climate-driven Hazard & Exposure,Index,,,,,,,,,,,,,,,,,,,2,2,2,2,2,2,2,2,2,2
Barbados,Climate-driven INFORM Risk Indicator,Index,,,,,,,,,,,,,,,,,,,2.1,1.9,1.9,1.9,1.9,1.9,1.9,1.9,2,1.9
Barbados,Lack of coping capacity,Index,,,,,,,,,,,,,,,,,,,2.7,2.2,2.2,2.3,2.4,2.5,2.5,2.6,2.6,2.6
Barbados,Vulnerability,Index,,,,,,,,,,,,,,,,,,,1.7,1.6,1.6,1.6,1.5,1.4,1.4,1.4,1.5,1.4
"Belarus, Rep. of",Climate-driven Hazard & Exposure,Index,,,,,,,,,,,,,,,,,,,3,3,3,3,3,3,3,3,3,3
"Belarus, Rep. of",Climate-driven INFORM Risk Indicator,Index,,,,,,,,,,,,,,,,,,,2.3,2.2,2.2,2.2,2.2,2.2,2.2,2.2,1.9,2.5
"Belarus, Rep. of",Lack of coping capacity,Index,,,,,,,,,,,,,,,,,,,3.9,3.2,3.1,3,2.9,2.8,2.8,2.9,3,3
"Belarus, Rep. of",Vulnerability,Index,,,,,,,,,,,,,,,,,,,1.1,1.1,1.2,1.2,1.2,1.2,1.2,1.2,0.8,1.7
Belgium,Climate-driven Hazard & Exposure,Index,,,,,,,,,,,,,,,,,,,1.8,1.8,1.8,1.8,1.8,1.8,1.8,1.8,1.8,1.8
Belgium,Climate-driven INFORM Risk Indicator,Index,,,,,,,,,,,,,,,,,,,1.7,1.7,1.8,1.8,1.8,1.8,1.9,1.9,2,2
Belgium,Lack of coping capacity,Index,,,,,,,,,,,,,,,,,,,1.6,1.7,1.6,1.6,1.8,1.8,1.8,1.8,1.9,1.9
Belgium,Vulnerability,Index,,,,,,,,,,,,,,,,,,,1.6,1.6,1.9,1.9,1.9,1.9,2,2.1,2.5,2.5
Belize,Climate-driven Hazard & Exposure,Index,,,,,,,,,,,,,,,,,,,6.6,6.6,6.6,6.6,6.6,6.6,6.6,6.6,6.6,6.6
Belize,Climate-driven INFORM Risk Indicator,Index,,,,,,,,,,,,,,,,,,,4.5,4.6,4.8,4.9,4.9,4.8,4.7,5.2,5.1,5
Belize,Lack of coping capacity,Index,,,,,,,,,,,,,,,,,,,5,5.3,5.3,5.3,5.3,5.2,5.2,5.2,5.2,5.2
Belize,Vulnerability,Index,,,,,,,,,,,,,,,,,,,2.8,2.7,3.1,3.4,3.3,3.2,3,4.2,3.9,3.6
Benin,Climate-driven Hazard & Exposure,Index,,,,,,,,,,,,,,,,,,,2.3,2.3,2.3,2.3,2.3,2.3,2.3,2.3,2.3,2.3
Benin,Climate-driven INFORM Risk Indicator,Index,,,,,,,,,,,,,,,,,,,4.2,4.2,4.2,4.2,4.2,4.2,4.2,4.2,4.2,4.2
Benin,Lack of coping capacity,Index,,,,,,,,,,,,,,,,,,,7.2,7,7,6.9,6.9,6.8,6.7,6.7,6.7,6.7
Benin,Vulnerability,Index,,,,,,,,,,,,,,,,,,,4.6,4.5,4.7,4.7,4.7,4.7,4.7,4.7,4.7,4.7
Bhutan,Climate-driven Hazard & Exposure,Index,,,,,,,,,,,,,,,,,,,2.1,2.1,2.1,2.1,2.1,2.1,2.1,2.1,2.1,2.1
Bhutan,Climate-driven INFORM Risk Indicator,Index,,,,,,,,,,,,,,,,,,,3.7,3.4,3.4,3.3,3.3,3.3,3.2,3.2,3.2,3.2
Bhutan,Lack of coping capacity,Index,,,,,,,,,,,,,,,,,,,5.3,4.7,4.6,4.5,4.3,4.4,4.5,4.4,4.4,4.4
Bhutan,Vulnerability,Index,,,,,,,,,,,,,,,,,,,4.4,4.1,4,3.9,3.9,3.8,3.5,3.6,3.5,3.5
Bolivia,Climate-driven Hazard & Exposure,Index,,,,,,,,,,,,,,,,,,,4.5,4.5,4.5,4.5,4.5,4.5,4.5,4.5,4.5,4.5
Bolivia,Climate-driven INFORM Risk Indicator,Index,,,,,,,,,,,,,,,,,,,4.4,4.4,4.3,4.4,4.3,4.2,4.5,4.4,4.5,4.5
Bolivia,Lack of coping capacity,Index,,,,,,,,,,,,,,,,,,,5.4,5.5,5.4,5.3,5.2,5.3,5.4,5.3,5.3,5.3
Bolivia,Vulnerability,Index,,,,,,,,,,,,,,,,,,,3.6,3.5,3.3,3.6,3.3,3.1,3.7,3.6,3.7,3.8
Bosnia and Herzegovina,Climate-driven Hazard & Exposure,Index,,,,,,,,,,,,,,,,,,,3.9,3.9,3.9,3.9,3.9,3.9,3.9,3.9,3.9,3.9
Bosnia and Herzegovina,Climate-driven INFORM Risk Indicator,Index,,,,,,,,,,,,,,,,,,,4.1,4.3,4.4,4.2,4,4,4.1,4.1,4.3,4.2
Bosnia and Herzegovina,Lack of coping capacity,Index,,,,,,,,,,,,,,,,,,,4.7,4.4,4.6,4.5,4.5,4.6,4.7,4.9,4.9,4.9
Bosnia and Herzegovina,Vulnerability,Index,,,,,,,,,,,,,,,,,,,3.8,4.7,4.7,4.2,3.7,3.7,3.7,3.7,4.1,3.8
Botswana,Climate-driven Hazard & Exposure,Index,,,,,,,,,,,,,,,,,,,3.8,3.8,3.8,3.8,3.8,3.8,3.8,3.8,3.8,3.8
Botswana,Climate-driven INFORM Risk Indicator,Index,,,,,,,,,,,,,,,,,,,4.3,4.2,4.1,4.1,4.1,4.1,4,4,4,4
Botswana,Lack of coping capacity,Index,,,,,,,,,,,,,,,,,,,4.7,4.7,4.7,4.6,4.6,4.6,4.4,4.5,4.6,4.6
Botswana,Vulnerability,Index,,,,,,,,,,,,,,,,,,,4.3,4.2,3.9,3.9,3.9,3.9,3.8,3.8,3.6,3.6
Brazil,Climate-driven Hazard & Exposure,Index,,,,,,,,,,,,,,,,,,,5.1,5.1,5.1,5.1,5.1,5.1,5.1,5.1,5.1,5.1
Brazil,Climate-driven INFORM Risk Indicator,Index,,,,,,,,,,,,,,,,,,,3.8,4.3,4.2,4.1,4.1,4.2,4.4,4.3,4.4,4.4
Brazil,Lack of coping capacity,Index,,,,,,,,,,,,,,,,,,,4.2,4.1,4.2,4.2,4.2,4.3,4.3,4.3,4.3,4.3
Brazil,Vulnerability,Index,,,,,,,,,,,,,,,,,,,2.5,3.9,3.4,3.2,3.2,3.4,3.8,3.7,3.9,3.8
Brunei Darussalam,Climate-driven Hazard & Exposure,Index,,,,,,,,,,,,,,,,,,,1.9,1.9,1.9,1.9,1.9,1.9,1.9,1.9,1.9,1.9
Brunei Darussalam,Climate-driven INFORM Risk Indicator,Index,,,,,,,,,,,,,,,,,,,1.8,1.8,1.8,2,2,1.9,1.9,1.9,1.9,1.9
Brunei Darussalam,Lack of coping capacity,Index,,,,,,,,,,,,,,,,,,,3.7,3.7,3.7,3.6,3.6,3.5,3.5,3.5,3.5,3.5
Brunei Darussalam,Vulnerability,Index,,,,,,,,,,,,,,,,,,,0.9,0.8,0.8,1.2,1.1,1.1,1,1,1.1,1.1
Bulgaria,Climate-driven Hazard & Exposure,Index,,,,,,,,,,,,,,,,,,,2.8,2.8,2.8,2.8,2.8,2.8,2.8,2.8,2.8,2.8
Bulgaria,Climate-driven INFORM Risk Indicator,Index,,,,,,,,,,,,,,,,,,,2.8,2.7,2.8,2.8,2.7,2.7,2.7,2.7,3.1,3.1
Bulgaria,Lack of coping capacity,Index,,,,,,,,,,,,,,,,,,,3.6,3.1,3.1,3,3,3,2.9,3.1,3.2,3.2
Bulgaria,Vulnerability,Index,,,,,,,,,,,,,,,,,,,2.1,2.3,2.4,2.5,2.4,2.3,2.3,2.3,3.2,3.2
Burkina Faso,Climate-driven Hazard & Exposure,Index,,,,,,,,,,,,,,,,,,,3.7,3.7,3.7,3.7,3.7,3.7,3.7,3.7,3.8,3.8
Burkina Faso,Climate-driven INFORM Risk Indicator,Index,,,,,,,,,,,,,,,,,,,5.3,5.4,5.4,5.2,5.1,5.2,5.6,5.7,5.7,5.7
Burkina Faso,Lack of coping capacity,Index,,,,,,,,,,,,,,,,,,,6.8,6.8,6.7,6.6,6.5,6.5,6.5,6.4,6.4,6.4
Burkina Faso,Vulnerability,Index,,,,,,,,,,,,,,,,,,,6,6.4,6.5,5.9,5.5,5.9,7.2,7.9,7.8,7.7
Burundi,Climate-driven Hazard & Exposure,Index,,,,,,,,,,,,,,,,,,,2.7,2.7,2.7,2.7,2.7,2.7,2.7,2.7,2.7,2.7
Burundi,Climate-driven INFORM Risk Indicator,Index,,,,,,,,,,,,,,,,,,,5.1,4.9,4.9,4.9,5,4.9,4.9,4.9,4.9,4.9
Burundi,Lack of coping capacity,Index,,,,,,,,,,,,,,,,,,,7.6,7,6.9,6.9,6.9,6.9,6.8,6.8,6.8,6.8
Burundi,Vulnerability,Index,,,,,,,,,,,,,,,,,,,6.5,6.4,6.3,6.4,6.8,6.5,6.4,6.4,6.5,6.6
Cabo Verde,Climate-driven Hazard & Exposure,Index,,,,,,,,,,,,,,,,,,,1.3,1.3,1.3,1.3,1.3,1.3,1.3,1.3,1.6,1.6
Cabo Verde,Climate-driven INFORM Risk Indicator,Index,,,,,,,,,,,,,,,,,,,2.9,2.8,2.8,2.7,2.7,2.6,2.5,2.5,2.7,2.8
Cabo Verde,Lack of coping capacity,Index,,,,,,,,,,,,,,,,,,,4.6,4.1,4,3.9,3.9,3.8,3.7,3.8,3.8,3.8
Cabo Verde,Vulnerability,Index,,,,,,,,,,,,,,,,,,,4.2,4.2,4,3.9,3.8,3.5,3.2,3.3,3.2,3.7
Cambodia,Climate-driven Hazard & Exposure,Index,,,,,,,,,,,,,,,,,,,6.9,6.9,6.9,6.9,6.9,6.9,6.9,6.9,6.9,6.9
Cambodia,Climate-driven INFORM Risk Indicator,Index,,,,,,,,,,,,,,,,,,,5.9,5.7,5.7,6,5.8,5.5,5.6,5.6,5.5,5.5
Cambodia,Lack of coping capacity,Index,,,,,,,,,,,,,,,,,,,6.8,6.5,6.5,6.4,6.3,6.1,6.1,6,5.9,5.9
Cambodia,Vulnerability,Index,,,,,,,,,,,,,,,,,,,4.4,4.2,4.1,4.9,4.4,4,4.2,4.2,4,4
Cameroon,Climate-driven Hazard & Exposure,Index,,,,,,,,,,,,,,,,,,,3.4,3.4,3.4,3.4,3.4,3.4,3.4,3.4,3.4,3.4
Cameroon,Climate-driven INFORM Risk Indicator,Index,,,,,,,,,,,,,,,,,,,5.1,4.9,5,5,5,5.1,5.1,5.1,5.1,5.1
Cameroon,Lack of coping capacity,Index,,,,,,,,,,,,,,,,,,,7.1,6,6,6,6,6,5.9,5.9,5.9,5.9
Cameroon,Vulnerability,Index,,,,,,,,,,,,,,,,,,,5.5,5.9,6.1,6.1,6.1,6.5,6.7,6.6,6.5,6.7
Canada,Climate-driven Hazard & Exposure,Index,,,,,,,,,,,,,,,,,,,3.7,3.7,3.7,3.7,3.7,3.7,3.7,3.7,3.5,3.5
Canada,Climate-driven INFORM Risk Indicator,Index,,,,,,,,,,,,,,,,,,,2.8,2.7,2.7,2.6,2.7,2.7,2.7,2.7,2.7,2.7
Canada,Lack of coping capacity,Index,,,,,,,,,,,,,,,,,,,2.4,2.4,2.3,2.3,2.3,2.3,2.3,2.4,2.4,2.4
Canada,Vulnerability,Index,,,,,,,,,,,,,,,,,,,2.4,2.3,2.2,2,2.2,2.3,2.3,2.3,2.3,2.3
Central African Rep.,Climate-driven Hazard & Exposure,Index,,,,,,,,,,,,,,,,,,,2.5,2.5,2.5,2.5,2.5,2.5,2.5,2.5,2.5,2.5
Central African Rep.,Climate-driven INFORM Risk Indicator,Index,,,,,,,,,,,,,,,,,,,5.8,5.7,5.7,5.8,5.8,5.7,5.8,5.8,5.8,5.8
Central African Rep.,Lack of coping capacity,Index,,,,,,,,,,,,,,,,,,,9,8.9,8.9,9.1,8.9,8.8,8.9,8.8,8.8,8.8
Central African Rep.,Vulnerability,Index,,,,,,,,,,,,,,,,,,,8.6,8.5,8.5,8.6,8.7,8.6,8.7,8.7,8.7,8.7
Chad,Climate-driven Hazard & Exposure,Index,,,,,,,,,,,,,,,,,,,4.9,4.9,4.9,4.9,4.9,4.9,4.9,4.9,4.9,4.9
Chad,Climate-driven INFORM Risk Indicator,Index,,,,,,,,,,,,,,,,,,,7,6.9,6.9,6.8,7,6.9,6.9,6.8,6.9,6.9
Chad,Lack of coping capacity,Index,,,,,,,,,,,,,,,,,,,9.1,9,9,9,8.9,8.9,8.9,8.8,8.8,8.8
Chad,Vulnerability,Index,,,,,,,,,,,,,,,,,,,7.6,7.5,7.3,7.2,7.8,7.4,7.4,7.4,7.5,7.6
Chile,Climate-driven Hazard & Exposure,Index,,,,,,,,,,,,,,,,,,,2.4,2.4,2.4,2.4,2.4,2.4,2.4,2.4,2.4,2.4
Chile,Climate-driven INFORM Risk Indicator,Index,,,,,,,,,,,,,,,,,,,2.3,2.3,2.4,2.3,2.4,2.3,2.3,1.9,2.9,2.9
Chile,Lack of coping capacity,Index,,,,,,,,,,,,,,,,,,,3,2.9,2.9,2.8,2.9,2.8,2.7,2.8,2.8,2.8
Chile,Vulnerability,Index,,,,,,,,,,,,,,,,,,,1.6,1.7,2.1,1.8,1.9,1.9,1.8,1.1,3.8,3.8
"China, P.R.: Mainland",Climate-driven Hazard & Exposure,Index,,,,,,,,,,,,,,,,,,,7.4,7.4,7.4,7.4,7.4,7.4,7.4,7.4,7.4,7.4
"China, P.R.: Mainland",Climate-driven INFORM Risk Indicator,Index,,,,,,,,,,,,,,,,,,,4.5,4.6,4.4,4.5,4.4,4.3,4.2,4.2,4.2,4.2
"China, P.R.: Mainland",Lack of coping capacity,Index,,,,,,,,,,,,,,,,,,,3.7,3.8,3.7,3.7,3.6,3.5,3.4,3.4,3.3,3.3
"China, P.R.: Mainland",Vulnerability,Index,,,,,,,,,,,,,,,,,,,3.4,3.5,3.2,3.4,3.1,3.1,3,3,3,3
Colombia,Climate-driven Hazard & Exposure,Index,,,,,,,,,,,,,,,,,,,4.6,4.6,4.6,4.6,4.6,4.6,4.6,4.6,4.6,4.6
Colombia,Climate-driven INFORM Risk Indicator,Index,,,,,,,,,,,,,,,,,,,4.8,4.8,4.7,4.7,4.7,4.7,4.7,4.6,4.7,4.7
Colombia,Lack of coping capacity,Index,,,,,,,,,,,,,,,,,,,4,4,3.8,3.8,3.7,3.7,3.6,3.6,3.6,3.6
Colombia,Vulnerability,Index,,,,,,,,,,,,,,,,,,,6.2,6.2,6,6.1,6.1,6.1,6.1,6,6.2,6.2
"Comoros, Union of the",Climate-driven Hazard & Exposure,Index,,,,,,,,,,,,,,,,,,,1.1,1.1,1.1,1.1,1.1,1.1,1.1,1.1,1.1,1.1
"Comoros, Union of the",Climate-driven INFORM Risk Indicator,Index,,,,,,,,,,,,,,,,,,,3.6,3.5,3.4,3.4,3.4,3.4,3.5,3.5,3.5,3.3
"Comoros, Union of the",Lack of coping capacity,Index,,,,,,,,,,,,,,,,,,,7.3,7.2,7.1,7.1,7,7,7.1,7.1,7.1,7.1
"Comoros, Union of the",Vulnerability,Index,,,,,,,,,,,,,,,,,,,5.8,5.5,5.1,4.9,5,5.1,5.3,5.5,5.5,4.6
"Congo, Dem. Rep. of the",Climate-driven Hazard & Exposure,Index,,,,,,,,,,,,,,,,,,,3.8,3.8,3.8,3.8,3.8,3.8,3.8,3.8,3.5,3.5
"Congo, Dem. Rep. of the",Climate-driven INFORM Risk Indicator,Index,,,,,,,,,,,,,,,,,,,6.2,6.1,6,6.1,6.1,6.1,6.1,6.1,5.9,6
"Congo, Dem. Rep. of the",Lack of coping capacity,Index,,,,,,,,,,,,,,,,,,,8.3,8.1,8.1,8.1,8.1,8.1,8.1,8.1,8.1,8.1
"Congo, Dem. Rep. of the",Vulnerability,Index,,,,,,,,,,,,,,,,,,,7.5,7.3,7.1,7.2,7.5,7.2,7.5,7.4,7.4,7.5
"Congo, Rep. of",Climate-driven Hazard & Exposure,Index,,,,,,,,,,,,,,,,,,,4.6,4.6,4.6,4.6,4.6,4.6,4.6,4.6,4.6,4.6
"Congo, Rep. of",Climate-driven INFORM Risk Indicator,Index,,,,,,,,,,,,,,,,,,,5.9,5.7,5.7,5.8,5.9,5.9,6.1,6,6.2,6.1
"Congo, Rep. of",Lack of coping capacity,Index,,,,,,,,,,,,,,,,,,,7.4,7.3,7.2,7.4,7.4,7.4,7.6,7.6,7.6,7.6
"Congo, Rep. of",Vulnerability,Index,,,,,,,,,,,,,,,,,,,5.9,5.6,5.5,5.7,6,5.9,6.4,6.1,6.9,6.5
Costa Rica,Climate-driven Hazard & Exposure,Index,,,,,,,,,,,,,,,,,,,2.1,2.1,2.1,2.1,2.1,2.1,2.1,2.1,2.1,2.1
Costa Rica,Climate-driven INFORM Risk Indicator,Index,,,,,,,,,,,,,,,,,,,2.5,2.5,2.4,2.3,2.4,2.5,2.7,2.7,2.9,2.9
Costa Rica,Lack of coping capacity,Index,,,,,,,,,,,,,,,,,,,2.7,2.8,2.8,2.6,2.6,2.6,2.5,2.5,2.5,2.5
Costa Rica,Vulnerability,Index,,,,,,,,,,,,,,,,,,,2.7,2.7,2.3,2.3,2.4,2.9,3.6,3.6,4.7,4.6
Côte d'Ivoire,Climate-driven Hazard & Exposure,Index,,,,,,,,,,,,,,,,,,,2.6,2.6,2.6,2.6,2.6,2.6,2.6,2.6,2.6,2.6
Côte d'Ivoire,Climate-driven INFORM Risk Indicator,Index,,,,,,,,,,,,,,,,,,,4.8,4.9,4.8,4.7,4.5,4.7,4.6,4.6,4.6,4.6
Côte d'Ivoire,Lack of coping capacity,Index,,,,,,,,,,,,,,,,,,,7.3,7.5,7.2,7.1,7,6.9,6.6,6.6,6.6,6.6
Côte d'Ivoire,Vulnerability,Index,,,,,,,,,,,,,,,,,,,5.7,6,5.9,5.8,4.9,5.7,5.7,5.6,5.6,5.6
"Croatia, Rep. of",Climate-driven Hazard & Exposure,Index,,,,,,,,,,,,,,,,,,,3.7,3.7,3.7,3.7,3.7,3.7,3.7,3.7,3.7,3.7
"Croatia, Rep. of",Climate-driven INFORM Risk Indicator,Index,,,,,,,,,,,,,,,,,,,2.4,2.4,2.3,2.3,2.3,2.3,2.3,2.6,2.9,2.8
"Croatia, Rep. of",Lack of coping capacity,Index,,,,,,,,,,,,,,,,,,,2.8,3,3.1,3.1,3.1,3.1,3.1,3.1,3.1,3.1
"Croatia, Rep. of",Vulnerability,Index,,,,,,,,,,,,,,,,,,,1.3,1.2,1.1,1.1,1.1,1.1,1.1,1.5,2.1,2
Cyprus,Climate-driven Hazard & Exposure,Index,,,,,,,,,,,,,,,,,,,1.1,1.1,1.1,1.1,1.1,1.1,1.1,1.1,1.1,1.1
Cyprus,Climate-driven INFORM Risk Indicator,Index,,,,,,,,,,,,,,,,,,,2.2,2.2,2.2,2.3,2.3,2.2,2.2,2.2,2.3,2.3
Cyprus,Lack of coping capacity,Index,,,,,,,,,,,,,,,,,,,2.2,2.3,2.4,2.6,2.6,2.5,2.4,2.5,2.6,2.6
Cyprus,Vulnerability,Index,,,,,,,,,,,,,,,,,,,4.2,4.1,4.2,4.2,4.1,4.1,4.1,4.1,4.1,4.1
Czech Rep.,Climate-driven Hazard & Exposure,Index,,,,,,,,,,,,,,,,,,,2.6,2.6,2.6,2.6,2.6,2.6,2.6,2.6,2.6,2.6
Czech Rep.,Climate-driven INFORM Risk Indicator,Index,,,,,,,,,,,,,,,,,,,2.5,2,1.9,1.7,1.7,1.6,1.6,1.6,2.6,2.6
Czech Rep.,Lack of coping capacity,Index,,,,,,,,,,,,,,,,,,,2.5,2.2,2.1,2,2,1.9,2,2,2,2
Czech Rep.,Vulnerability,Index,,,,,,,,,,,,,,,,,,,2.3,1.5,1.2,1,1,0.9,0.8,0.8,3.4,3.4
Denmark,Climate-driven Hazard & Exposure,Index,,,,,,,,,,,,,,,,,,,1.7,1.7,1.7,1.7,1.7,1.7,1.7,1.7,1.7,1.7
Denmark,Climate-driven INFORM Risk Indicator,Index,,,,,,,,,,,,,,,,,,,1.3,1.5,1.6,1.6,1.6,1.6,1.6,1.6,1.7,1.7
Denmark,Lack of coping capacity,Index,,,,,,,,,,,,,,,,,,,0.9,1.3,1.3,1.3,1.3,1.3,1.3,1.3,1.3,1.3
Denmark,Vulnerability,Index,,,,,,,,,,,,,,,,,,,1.4,1.5,1.7,1.8,1.8,1.8,1.8,1.8,2.1,2.1
Djibouti,Climate-driven Hazard & Exposure,Index,,,,,,,,,,,,,,,,,,,4,4,4,4,4,4,4,4,4,4
Djibouti,Climate-driven INFORM Risk Indicator,Index,,,,,,,,,,,,,,,,,,,5.3,5.2,5.1,5.2,5.1,5,5.3,5.3,5.3,5.1
Djibouti,Lack of coping capacity,Index,,,,,,,,,,,,,,,,,,,6.5,6.4,6.3,6.4,6.1,6,6,6.1,6.1,6.1
Djibouti,Vulnerability,Index,,,,,,,,,,,,,,,,,,,5.8,5.5,5.4,5.4,5.3,5.3,6.1,6.1,6.1,5.4
Dominica,Climate-driven Hazard & Exposure,Index,,,,,,,,,,,,,,,,,,,3.6,3.6,3.6,3.6,3.6,3.6,3.6,3.6,3.6,3.6
Dominica,Climate-driven INFORM Risk Indicator,Index,,,,,,,,,,,,,,,,,,,3.3,3.2,3.9,3.9,4.1,4.1,3.8,3.3,3.3,3.3
Dominica,Lack of coping capacity,Index,,,,,,,,,,,,,,,,,,,4,3.8,3.7,3.7,4.1,4.1,4.1,4.1,4.1,4.1
Dominica,Vulnerability,Index,,,,,,,,,,,,,,,,,,,2.6,2.4,4.6,4.5,4.8,4.8,3.7,2.4,2.5,2.5
Dominican Rep.,Climate-driven Hazard & Exposure,Index,,,,,,,,,,,,,,,,,,,5.1,5.1,5.1,5.1,5.1,5.1,5.1,5.1,5.1,5.1
Dominican Rep.,Climate-driven INFORM Risk Indicator,Index,,,,,,,,,,,,,,,,,,,4.1,3.9,3.9,4.4,4.4,3.9,4.4,4.4,4.4,4.4
Dominican Rep.,Lack of coping capacity,Index,,,,,,,,,,,,,,,,,,,4.9,4.6,4.5,4.4,4.4,4.4,4.4,4.4,4.4,4.4
Dominican Rep.,Vulnerability,Index,,,,,,,,,,,,,,,,,,,2.7,2.6,2.5,3.7,3.7,2.7,3.9,3.9,3.8,3.8
Ecuador,Climate-driven Hazard & Exposure,Index,,,,,,,,,,,,,,,,,,,4,4,4,4,4,4,4,4,4,4
Ecuador,Climate-driven INFORM Risk Indicator,Index,,,,,,,,,,,,,,,,,,,4,4,4.1,4.1,3.9,3.9,4.2,4.3,4.3,4.3
Ecuador,Lack of coping capacity,Index,,,,,,,,,,,,,,,,,,,4.2,4.2,4.2,4.1,4,4,3.9,4,4,4
Ecuador,Vulnerability,Index,,,,,,,,,,,,,,,,,,,3.9,3.8,4.1,4.1,3.8,3.7,4.8,4.8,4.9,4.9
"Egypt, Arab Rep. of",Climate-driven Hazard & Exposure,Index,,,,,,,,,,,,,,,,,,,4.4,4.4,4.4,4.4,4.4,4.4,4.4,4.4,4.4,4.4
"Egypt, Arab Rep. of",Climate-driven INFORM Risk Indicator,Index,,,,,,,,,,,,,,,,,,,4.3,4.3,4.3,4.3,4.3,4.3,4.2,4.2,4.2,4.2
"Egypt, Arab Rep. of",Lack of coping capacity,Index,,,,,,,,,,,,,,,,,,,4.8,4.7,4.7,4.7,4.6,4.6,4.5,4.5,4.5,4.5
"Egypt, Arab Rep. of",Vulnerability,Index,,,,,,,,,,,,,,,,,,,3.8,3.8,3.9,3.8,3.8,3.9,3.7,3.7,3.7,3.8
El Salvador,Climate-driven Hazard & Exposure,Index,,,,,,,,,,,,,,,,,,,3.5,3.5,3.5,3.5,3.5,3.5,3.5,3.5,3.5,3.5
El Salvador,Climate-driven INFORM Risk Indicator,Index,,,,,,,,,,,,,,,,,,,3.7,3.5,3.7,3.6,3.6,3.7,4.1,4.2,4.1,4.1
El Salvador,Lack of coping capacity,Index,,,,,,,,,,,,,,,,,,,4.8,4.4,4.4,4.5,4.6,4.6,4.5,4.6,4.6,4.6
El Salvador,Vulnerability,Index,,,,,,,,,,,,,,,,,,,2.9,2.8,3.4,2.9,2.8,3.1,4.4,4.5,4.4,4.4
"Equatorial Guinea, Rep. of",Climate-driven Hazard & Exposure,Index,,,,,,,,,,,,,,,,,,,2.8,2.8,2.8,2.8,2.8,2.8,2.8,2.8,2.8,2.8
"Equatorial Guinea, Rep. of",Climate-driven INFORM Risk Indicator,Index,,,,,,,,,,,,,,,,,,,4.6,4.5,4.6,4.5,4.5,4.5,4.2,4.2,4.1,4.1
"Equatorial Guinea, Rep. of",Lack of coping capacity,Index,,,,,,,,,,,,,,,,,,,7.3,7.1,7.2,7.1,7.3,7.2,7.3,7.3,7.3,7.3
"Equatorial Guinea, Rep. of",Vulnerability,Index,,,,,,,,,,,,,,,,,,,4.9,4.7,4.7,4.7,4.6,4.6,3.5,3.5,3.3,3.3
"Eritrea, The State of",Climate-driven Hazard & Exposure,Index,,,,,,,,,,,,,,,,,,,3.5,3.5,3.5,3.5,3.5,3.5,3.5,3.5,3.5,3.5
"Eritrea, The State of",Climate-driven INFORM Risk Indicator,Index,,,,,,,,,,,,,,,,,,,5.4,5.3,5.1,5.1,5.1,5.1,5,5,4.9,4.9
"Eritrea, The State of",Lack of coping capacity,Index,,,,,,,,,,,,,,,,,,,8,8,8,8,8,7.8,7.8,7.7,7.7,7.7
"Eritrea, The State of",Vulnerability,Index,,,,,,,,,,,,,,,,,,,5.6,5.2,4.8,4.8,4.8,4.8,4.6,4.6,4.4,4.4
"Estonia, Rep. of",Climate-driven Hazard & Exposure,Index,,,,,,,,,,,,,,,,,,,1.4,1.4,1.4,1.4,1.4,1.4,1.4,1.4,1.4,1.4
"Estonia, Rep. of",Climate-driven INFORM Risk Indicator,Index,,,,,,,,,,,,,,,,,,,1.4,1.4,1.4,1.4,1.3,1.2,1.2,1.2,1.8,1.8
"Estonia, Rep. of",Lack of coping capacity,Index,,,,,,,,,,,,,,,,,,,2.1,2.1,2,2,1.9,1.8,1.8,1.6,1.6,1.6
"Estonia, Rep. of",Vulnerability,Index,,,,,,,,,,,,,,,,,,,0.9,0.9,0.9,0.9,0.8,0.7,0.7,0.7,2.6,2.6
"Eswatini, Kingdom of",Climate-driven Hazard & Exposure,Index,,,,,,,,,,,,,,,,,,,3.4,3.4,3.4,3.4,3.4,3.4,3.4,3.4,3.4,3.4
"Eswatini, Kingdom of",Climate-driven INFORM Risk Indicator,Index,,,,,,,,,,,,,,,,,,,4.6,4.3,4.3,4.6,4.6,4.6,4.6,4.5,4.4,4.3
"Eswatini, Kingdom of",Lack of coping capacity,Index,,,,,,,,,,,,,,,,,,,6.7,5.5,5.4,5.4,5.4,5.4,5.4,5.4,5.5,5.5
"Eswatini, Kingdom of",Vulnerability,Index,,,,,,,,,,,,,,,,,,,4.4,4.3,4.2,5.2,5.2,5.2,5.2,5.1,4.5,4.3
"Ethiopia, The Federal Dem. Rep. of",Climate-driven Hazard & Exposure,Index,,,,,,,,,,,,,,,,,,,4,4,4,4,4,4,4,4,4.1,4.1
"Ethiopia, The Federal Dem. Rep. of",Climate-driven INFORM Risk Indicator,Index,,,,,,,,,,,,,,,,,,,5.8,5.7,5.8,5.6,5.6,5.6,5.6,5.6,5.8,5.8
"Ethiopia, The Federal Dem. Rep. of",Lack of coping capacity,Index,,,,,,,,,,,,,,,,,,,7.5,7.2,7.2,6.9,6.8,6.9,6.8,6.8,6.7,6.7
"Ethiopia, The Federal Dem. Rep. of",Vulnerability,Index,,,,,,,,,,,,,,,,,,,6.5,6.4,6.9,6.4,6.4,6.5,6.4,6.4,7,7.1
"Fiji, Rep. of",Climate-driven Hazard & Exposure,Index,,,,,,,,,,,,,,,,,,,2,2,2,2,2,2,2,2,2,2
"Fiji, Rep. of",Climate-driven INFORM Risk Indicator,Index,,,,,,,,,,,,,,,,,,,2.8,2.5,2.6,2.8,2.7,2.6,2.6,2.6,2.6,2.6
"Fiji, Rep. of",Lack of coping capacity,Index,,,,,,,,,,,,,,,,,,,5.4,3.4,3.3,3.2,2.9,2.7,2.8,2.7,2.7,2.7
"Fiji, Rep. of",Vulnerability,Index,,,,,,,,,,,,,,,,,,,2,2.2,2.8,3.4,3.4,3.4,3.3,3.4,3.4,3.4
Finland,Climate-driven Hazard & Exposure,Index,,,,,,,,,,,,,,,,,,,0.6,0.6,0.6,0.6,0.6,0.6,0.6,0.6,0.6,0.6
Finland,Climate-driven INFORM Risk Indicator,Index,,,,,,,,,,,,,,,,,,,1.1,1,1.1,1.1,1.1,1.1,1.1,1.1,1.2,1.2
Finland,Lack of coping capacity,Index,,,,,,,,,,,,,,,,,,,1.6,1.3,1.3,1.3,1.4,1.4,1.3,1.3,1.3,1.3
Finland,Vulnerability,Index,,,,,,,,,,,,,,,,,,,1.3,1.3,1.8,1.6,1.6,1.6,1.7,1.7,2.1,2.1
France,Climate-driven Hazard & Exposure,Index,,,,,,,,,,,,,,,,,,,3.1,3.1,3.1,3.1,3.1,3.1,3.1,3.1,3.1,3.1
France,Climate-driven INFORM Risk Indicator,Index,,,,,,,,,,,,,,,,,,,2.5,2.5,2.5,2.5,2.5,2.5,2.5,2.6,2.6,2.6
France,Lack of coping capacity,Index,,,,,,,,,,,,,,,,,,,2,2,2,2,1.9,1.9,1.9,2,1.9,1.9
France,Vulnerability,Index,,,,,,,,,,,,,,,,,,,2.5,2.5,2.5,2.6,2.6,2.7,2.8,2.8,3,3
Gabon,Climate-driven Hazard & Exposure,Index,,,,,,,,,,,,,,,,,,,2.2,2.2,2.2,2.2,2.2,2.2,2.2,2.2,2.2,2.2
Gabon,Climate-driven INFORM Risk Indicator,Index,,,,,,,,,,,,,,,,,,,3.8,3.7,3.7,3.7,3.6,3.6,3.6,3.5,3.6,3.6
Gabon,Lack of coping capacity,Index,,,,,,,,,,,,,,,,,,,5.9,5.8,5.9,6,6.1,6,6,6.1,6.1,6.1
Gabon,Vulnerability,Index,,,,,,,,,,,,,,,,,,,4.2,4,3.9,3.7,3.4,3.4,3.4,3.3,3.4,3.4
"Gambia, The",Climate-driven Hazard & Exposure,Index,,,,,,,,,,,,,,,,,,,2.4,2.4,2.4,2.4,2.4,2.4,2.4,2.4,2.4,2.4
"Gambia, The",Climate-driven INFORM Risk Indicator,Index,,,,,,,,,,,,,,,,,,,4.7,4.3,4.1,4.1,4.1,4,4,4.1,4.1,4.1
"Gambia, The",Lack of coping capacity,Index,,,,,,,,,,,,,,,,,,,7,5.7,5.6,5.6,5.5,5.3,5.4,5.4,5.4,5.4
"Gambia, The",Vulnerability,Index,,,,,,,,,,,,,,,,,,,6.2,5.7,5.1,5,5.3,5.1,5.1,5.4,5.5,5.4
Georgia,Climate-driven Hazard & Exposure,Index,,,,,,,,,,,,,,,,,,,3.7,3.7,3.7,3.7,3.7,3.7,3.7,3.7,3.7,3.7
Georgia,Climate-driven INFORM Risk Indicator,Index,,,,,,,,,,,,,,,,,,,4,3.8,3.8,3.7,3.8,3.8,3.8,3.8,3.8,3.8
Georgia,Lack of coping capacity,Index,,,,,,,,,,,,,,,,,,,3.8,3.4,3.5,3.3,3.3,3.2,3.1,3.1,3.2,3.2
Georgia,Vulnerability,Index,,,,,,,,,,,,,,,,,,,4.5,4.5,4.4,4.2,4.6,4.6,4.6,4.7,4.8,4.8
Germany,Climate-driven Hazard & Exposure,Index,,,,,,,,,,,,,,,,,,,3,3,3,3,3,3,3,3,3,3
Germany,Climate-driven INFORM Risk Indicator,Index,,,,,,,,,,,,,,,,,,,2.3,2.3,2.4,2.5,2.5,2.5,2.5,2.5,2.6,2.6
Germany,Lack of coping capacity,Index,,,,,,,,,,,,,,,,,,,1.6,1.5,1.5,1.5,1.5,1.5,1.5,1.6,1.6,1.6
Germany,Vulnerability,Index,,,,,,,,,,,,,,,,,,,2.4,2.6,3,3.3,3.4,3.4,3.4,3.4,3.8,3.8
Ghana,Climate-driven Hazard & Exposure,Index,,,,,,,,,,,,,,,,,,,2.4,2.4,2.4,2.4,2.4,2.4,2.4,2.4,2.4,2.4
Ghana,Climate-driven INFORM Risk Indicator,Index,,,,,,,,,,,,,,,,,,,3.9,3.9,3.9,3.8,3.8,3.7,3.7,3.7,3.7,3.6
Ghana,Lack of coping capacity,Index,,,,,,,,,,,,,,,,,,,5.4,5.3,5.4,5.2,5.1,5.1,5,4.9,4.9,4.9
Ghana,Vulnerability,Index,,,,,,,,,,,,,,,,,,,4.5,4.5,4.5,4.3,4.4,4.3,4.2,4.2,4.2,4.1
Greece,Climate-driven Hazard & Exposure,Index,,,,,,,,,,,,,,,,,,,1.7,1.7,1.7,1.7,1.7,1.7,1.7,1.7,1.7,1.7
Greece,Climate-driven INFORM Risk Indicator,Index,,,,,,,,,,,,,,,,,,,2.2,2,2.1,2.2,2.1,2.3,2.2,2.2,2.2,2.2
Greece,Lack of coping capacity,Index,,,,,,,,,,,,,,,,,,,2.7,2.5,2.5,2.5,2.4,2.4,2.3,2.3,2.3,2.3
Greece,Vulnerability,Index,,,,,,,,,,,,,,,,,,,2.2,2,2.1,2.4,2.4,2.8,2.8,2.8,2.8,2.8
Grenada,Climate-driven Hazard & Exposure,Index,,,,,,,,,,,,,,,,,,,0.8,0.8,0.8,0.8,0.8,0.8,0.8,0.8,0.8,0.8
Grenada,Climate-driven INFORM Risk Indicator,Index,,,,,,,,,,,,,,,,,,,1.9,1.8,1.7,1.7,1.7,1.7,1.7,1.9,1.9,1.9
Grenada,Lack of coping capacity,Index,,,,,,,,,,,,,,,,,,,4.2,3.9,4,3.8,3.8,3.9,3.8,3.7,3.7,3.7
Grenada,Vulnerability,Index,,,,,,,,,,,,,,,,,,,2,1.8,1.6,1.6,1.6,1.6,1.5,2.2,2.2,2.2
Guatemala,Climate-driven Hazard & Exposure,Index,,,,,,,,,,,,,,,,,,,4.5,4.5,4.5,4.5,4.5,4.5,4.5,4.5,4.5,4.5
Guatemala,Climate-driven INFORM Risk Indicator,Index,,,,,,,,,,,,,,,,,,,5.2,5.2,5.1,5.1,5,5.3,5.3,5.3,5.2,5.2
Guatemala,Lack of coping capacity,Index,,,,,,,,,,,,,,,,,,,5.4,5.3,5.5,5.4,5.4,5.4,5.4,5.4,5.4,5.4
Guatemala,Vulnerability,Index,,,,,,,,,,,,,,,,,,,5.7,6,5.5,5.3,5.2,6,6,6,5.7,5.7
Guinea,Climate-driven Hazard & Exposure,Index,,,,,,,,,,,,,,,,,,,2.3,2.3,2.3,2.3,2.3,2.3,2.3,2.3,2.3,2.3
Guinea,Climate-driven INFORM Risk Indicator,Index,,,,,,,,,,,,,,,,,,,4.5,4.4,4.3,4.3,4.2,4.1,4.1,4.1,4.1,4.1
Guinea,Lack of coping capacity,Index,,,,,,,,,,,,,,,,,,,8.2,7.6,7.4,7.3,7.2,7.1,7.1,7,7,7
Guinea,Vulnerability,Index,,,,,,,,,,,,,,,,,,,4.8,4.8,4.8,4.6,4.4,4.3,4.2,4.3,4.4,4.2
Guinea-Bissau,Climate-driven Hazard & Exposure,Index,,,,,,,,,,,,,,,,,,,1.9,1.9,1.9,1.9,1.9,1.9,1.9,1.9,1.9,1.9
Guinea-Bissau,Climate-driven INFORM Risk Indicator,Index,,,,,,,,,,,,,,,,,,,4.6,4.5,4.5,4.5,4.4,4.2,4.1,4.2,4.2,4.2
Guinea-Bissau,Lack of coping capacity,Index,,,,,,,,,,,,,,,,,,,8.7,8.1,8.3,8.1,8.1,8,8,7.9,7.9,7.9
Guinea-Bissau,Vulnerability,Index,,,,,,,,,,,,,,,,,,,5.9,5.9,5.8,5.9,5.7,5,4.7,4.8,4.8,4.8
Guyana,Climate-driven Hazard & Exposure,Index,,,,,,,,,,,,,,,,,,,3.3,3.3,3.3,3.3,3.3,3.3,3.3,3.3,3.3,3.3
Guyana,Climate-driven INFORM Risk Indicator,Index,,,,,,,,,,,,,,,,,,,3.8,3.7,4.1,4.1,3.8,3.6,4.1,4.1,4.2,4.2
Guyana,Lack of coping capacity,Index,,,,,,,,,,,,,,,,,,,5.5,5.4,5.5,5.3,5.2,5.2,5.1,5.1,5.1,5.1
Guyana,Vulnerability,Index,,,,,,,,,,,,,,,,,,,3.1,2.9,3.9,3.9,3.3,2.7,4.2,4.2,4.5,4.4
Haiti,Climate-driven Hazard & Exposure,Index,,,,,,,,,,,,,,,,,,,5.3,5.3,5.3,5.3,5.3,5.3,5.3,5.3,5.3,5.3
Haiti,Climate-driven INFORM Risk Indicator,Index,,,,,,,,,,,,,,,,,,,6.5,6.4,6.2,6.4,6.3,6.3,6,6,6.2,6.1
Haiti,Lack of coping capacity,Index,,,,,,,,,,,,,,,,,,,7.6,7.3,7.3,7.3,7.2,7.2,7.2,7.2,7.2,7.2
Haiti,Vulnerability,Index,,,,,,,,,,,,,,,,,,,6.7,6.9,6.3,6.9,6.7,6.6,5.6,5.7,6.1,5.9
Honduras,Climate-driven Hazard & Exposure,Index,,,,,,,,,,,,,,,,,,,4.7,4.7,4.7,4.7,4.7,4.7,4.7,4.7,4.7,4.7
Honduras,Climate-driven INFORM Risk Indicator,Index,,,,,,,,,,,,,,,,,,,4.5,5.1,5.1,5.2,5.1,5.1,5.1,5.4,5.4,5.4
Honduras,Lack of coping capacity,Index,,,,,,,,,,,,,,,,,,,5.4,5.3,5.2,5.2,5.2,5.2,5.2,5.3,5.3,5.3
Honduras,Vulnerability,Index,,,,,,,,,,,,,,,,,,,3.6,5.4,5.4,5.6,5.3,5.5,5.4,6.2,6.3,6.3
Hungary,Climate-driven Hazard & Exposure,Index,,,,,,,,,,,,,,,,,,,4.1,4.1,4.1,4.1,4.1,4.1,4.1,4.1,4.1,4.1
Hungary,Climate-driven INFORM Risk Indicator,Index,,,,,,,,,,,,,,,,,,,2.3,2.5,2.7,2.4,2.4,2.3,2.3,2.3,1.9,2.6
Hungary,Lack of coping capacity,Index,,,,,,,,,,,,,,,,,,,2,2,2.2,2.2,2.2,2.2,2.1,2.1,2.1,2.1
Hungary,Vulnerability,Index,,,,,,,,,,,,,,,,,,,1.5,1.9,2.2,1.6,1.5,1.4,1.5,1.4,0.8,2
Iceland,Climate-driven Hazard & Exposure,Index,,,,,,,,,,,,,,,,,,,0.1,0.1,0.1,0.1,0.1,0.1,0.1,0.1,0.1,0.1
Iceland,Climate-driven INFORM Risk Indicator,Index,,,,,,,,,,,,,,,,,,,0.5,0.5,0.5,0.5,0.5,0.5,0.5,0.6,0.6,0.6
Iceland,Lack of coping capacity,Index,,,,,,,,,,,,,,,,,,,2,1.9,1.8,1.9,1.9,1.9,1.8,1.9,1.9,1.9
Iceland,Vulnerability,Index,,,,,,,,,,,,,,,,,,,0.7,0.7,0.6,0.6,0.7,0.7,0.8,0.9,1.2,1.2
India,Climate-driven Hazard & Exposure,Index,,,,,,,,,,,,,,,,,,,7.5,7.5,7.5,7.5,7.5,7.5,7.5,7.5,7.5,7.5
India,Climate-driven INFORM Risk Indicator,Index,,,,,,,,,,,,,,,,,,,5.7,5.6,5.6,5.5,5.5,5.4,5.4,5.4,5.3,5.3
India,Lack of coping capacity,Index,,,,,,,,,,,,,,,,,,,4.8,4.8,4.6,4.4,4.4,4.3,4.3,4.2,4.2,4.2
India,Vulnerability,Index,,,,,,,,,,,,,,,,,,,5.1,5,5,5,5,4.9,4.9,4.9,4.8,4.8
Indonesia,Climate-driven Hazard & Exposure,Index,,,,,,,,,,,,,,,,,,,6.1,6.1,6.1,6.1,6.1,6.1,6.1,6.1,6.1,6.1
Indonesia,Climate-driven INFORM Risk Indicator,Index,,,,,,,,,,,,,,,,,,,4.7,4.7,4.4,4.4,4.4,4.3,4.4,4.4,4.5,4.5
Indonesia,Lack of coping capacity,Index,,,,,,,,,,,,,,,,,,,4.8,4.8,4.8,4.6,4.5,4.4,4.4,4.4,4.4,4.4
Indonesia,Vulnerability,Index,,,,,,,,,,,,,,,,,,,3.5,3.5,3,3,3,3,3.2,3.2,3.3,3.3
"Iran, Islamic Rep. of",Climate-driven Hazard & Exposure,Index,,,,,,,,,,,,,,,,,,,5,5,5,5,5,5,5,5,5,5
"Iran, Islamic Rep. of",Climate-driven INFORM Risk Indicator,Index,,,,,,,,,,,,,,,,,,,4.6,4.6,4.6,4.5,4.5,4.5,4.8,4.6,4.8,4.7
"Iran, Islamic Rep. of",Lack of coping capacity,Index,,,,,,,,,,,,,,,,,,,4.9,4.6,4.6,4.5,4.4,4.4,4.5,4.6,4.6,4.6
"Iran, Islamic Rep. of",Vulnerability,Index,,,,,,,,,,,,,,,,,,,4,4.1,4.1,4.1,4.1,4.1,5,4.2,4.9,4.4
Iraq,Climate-driven Hazard & Exposure,Index,,,,,,,,,,,,,,,,,,,6.4,6.4,6.4,6.4,6.4,6.4,6.4,6.4,7,7
Iraq,Climate-driven INFORM Risk Indicator,Index,,,,,,,,,,,,,,,,,,,6.4,6.6,6.6,6.5,6.4,6.3,6.3,6.2,6.5,6.4
Iraq,Lack of coping capacity,Index,,,,,,,,,,,,,,,,,,,6.6,6.8,6.8,6.7,6.6,6.6,6.6,6.5,6.5,6.5
Iraq,Vulnerability,Index,,,,,,,,,,,,,,,,,,,6.2,6.7,6.6,6.4,6.2,6,6,5.6,6.1,5.8
Ireland,Climate-driven Hazard & Exposure,Index,,,,,,,,,,,,,,,,,,,1.6,1.6,1.6,1.6,1.6,1.6,1.6,1.6,1.6,1.6
Ireland,Climate-driven INFORM Risk Indicator,Index,,,,,,,,,,,,,,,,,,,1.6,1.5,1.5,1.6,1.6,1.6,1.6,1.6,1.8,1.8
Ireland,Lack of coping capacity,Index,,,,,,,,,,,,,,,,,,,1.9,1.7,1.7,1.9,1.9,1.9,1.9,1.8,1.7,1.7
Ireland,Vulnerability,Index,,,,,,,,,,,,,,,,,,,1.4,1.3,1.3,1.3,1.3,1.3,1.4,1.4,2,2
Israel,Climate-driven Hazard & Exposure,Index,,,,,,,,,,,,,,,,,,,2.8,2.8,2.8,2.8,2.8,2.8,2.8,2.8,2.8,2.8
Israel,Climate-driven INFORM Risk Indicator,Index,,,,,,,,,,,,,,,,,,,2.3,2.3,2.2,2.2,2.3,2.3,2.2,2.2,2.2,2.2
Israel,Lack of coping capacity,Index,,,,,,,,,,,,,,,,,,,2.3,2.3,2.1,2,2,2.1,2,2.1,2.2,2.2
Israel,Vulnerability,Index,,,,,,,,,,,,,,,,,,,2,1.9,1.9,2,2.1,2,1.9,1.8,1.7,1.7
Italy,Climate-driven Hazard & Exposure,Index,,,,,,,,,,,,,,,,,,,2.8,2.8,2.8,2.8,2.8,2.8,2.8,2.8,2.8,2.8
Italy,Climate-driven INFORM Risk Indicator,Index,,,,,,,,,,,,,,,,,,,2.5,2.4,2.5,2.5,2.5,2.5,2.4,2.4,2.5,2.5
Italy,Lack of coping capacity,Index,,,,,,,,,,,,,,,,,,,2.8,2.4,2.4,2.3,2.2,2.2,2.1,2.2,2.2,2.2
Italy,Vulnerability,Index,,,,,,,,,,,,,,,,,,,1.9,2.1,2.3,2.4,2.6,2.5,2.5,2.2,2.6,2.6
Jamaica,Climate-driven Hazard & Exposure,Index,,,,,,,,,,,,,,,,,,,4.8,4.8,4.8,4.8,4.8,4.8,4.8,4.8,4.8,4.8
Jamaica,Climate-driven INFORM Risk Indicator,Index,,,,,,,,,,,,,,,,,,,3.8,3.8,3.7,3.7,3.6,3.5,3.4,3.5,3.5,3.5
Jamaica,Lack of coping capacity,Index,,,,,,,,,,,,,,,,,,,4,4,3.9,3.8,3.6,3.6,3.5,3.6,3.6,3.6
Jamaica,Vulnerability,Index,,,,,,,,,,,,,,,,,,,2.8,2.9,2.6,2.8,2.6,2.4,2.4,2.5,2.5,2.5
Japan,Climate-driven Hazard & Exposure,Index,,,,,,,,,,,,,,,,,,,6.7,6.7,6.7,6.7,6.7,6.7,6.7,6.7,6.7,6.7
Japan,Climate-driven INFORM Risk Indicator,Index,,,,,,,,,,,,,,,,,,,2.3,2.3,2.4,2.4,2.5,2.5,2.5,2.4,2.4,2.4
Japan,Lack of coping capacity,Index,,,,,,,,,,,,,,,,,,,1.6,1.5,1.5,1.5,1.5,1.5,1.5,1.5,1.5,1.5
Japan,Vulnerability,Index,,,,,,,,,,,,,,,,,,,1.1,1.2,1.3,1.4,1.5,1.5,1.5,1.4,1.3,1.3
Jordan,Climate-driven Hazard & Exposure,Index,,,,,,,,,,,,,,,,,,,3.6,3.6,3.6,3.6,3.6,3.6,3.6,3.6,3.6,3.6
Jordan,Climate-driven INFORM Risk Indicator,Index,,,,,,,,,,,,,,,,,,,4.6,4.5,4.5,4.6,4.6,4.6,4.6,4.6,4.6,4.6
Jordan,Lack of coping capacity,Index,,,,,,,,,,,,,,,,,,,4.5,4.2,4.1,4.4,4.3,4.3,4.3,4.4,4.4,4.4
Jordan,Vulnerability,Index,,,,,,,,,,,,,,,,,,,6.1,6.1,6.1,6.1,6.2,6.1,6.1,6.1,6.2,6.2
"Kazakhstan, Rep. of",Climate-driven Hazard & Exposure,Index,,,,,,,,,,,,,,,,,,,4.2,4.2,4.2,4.2,4.2,4.2,4.2,4.2,4.5,4.5
"Kazakhstan, Rep. of",Climate-driven INFORM Risk Indicator,Index,,,,,,,,,,,,,,,,,,,2.4,2.4,2.3,2.3,2.2,2.2,2.2,2.2,2.3,2.3
"Kazakhstan, Rep. of",Lack of coping capacity,Index,,,,,,,,,,,,,,,,,,,4.1,3.9,3.9,3.9,3.8,3.8,3.7,3.7,3.7,3.7
"Kazakhstan, Rep. of",Vulnerability,Index,,,,,,,,,,,,,,,,,,,0.8,0.8,0.7,0.7,0.7,0.7,0.7,0.7,0.7,0.7
Kenya,Climate-driven Hazard & Exposure,Index,,,,,,,,,,,,,,,,,,,4.7,4.7,4.7,4.7,4.7,4.7,4.7,4.7,4.7,4.7
Kenya,Climate-driven INFORM Risk Indicator,Index,,,,,,,,,,,,,,,,,,,5.9,5.7,5.7,5.6,5.6,5.5,5.5,5.5,5.6,5.5
Kenya,Lack of coping capacity,Index,,,,,,,,,,,,,,,,,,,6.5,6.2,6.3,6.2,6.2,6,5.9,5.8,5.8,5.8
Kenya,Vulnerability,Index,,,,,,,,,,,,,,,,,,,6.6,6.3,6.2,6,5.9,5.8,6,6,6.5,6.1
Kiribati,Climate-driven Hazard & Exposure,Index,,,,,,,,,,,,,,,,,,,1.5,1.5,1.5,1.5,1.5,1.5,1.5,1.5,1.5,1.5
Kiribati,Climate-driven INFORM Risk Indicator,Index,,,,,,,,,,,,,,,,,,,3.7,3.5,3.4,3.6,3.5,3.4,3.1,3.1,3.1,3.1
Kiribati,Lack of coping capacity,Index,,,,,,,,,,,,,,,,,,,6.8,5.9,5.7,5.5,5.3,5.2,5.1,5.2,5.2,5.2
Kiribati,Vulnerability,Index,,,,,,,,,,,,,,,,,,,4.9,4.8,4.8,5.8,5.3,5,4,3.9,3.9,3.9
"Korea, Rep. of",Climate-driven Hazard & Exposure,Index,,,,,,,,,,,,,,,,,,,5.5,5.5,5.5,5.5,5.5,5.5,5.5,5.5,5.5,5.5
"Korea, Rep. of",Climate-driven INFORM Risk Indicator,Index,,,,,,,,,,,,,,,,,,,2.1,2.1,2.2,2.2,2.2,2.3,2.3,2.3,2.2,2.2
"Korea, Rep. of",Lack of coping capacity,Index,,,,,,,,,,,,,,,,,,,2,1.9,1.9,1.9,1.8,1.7,1.6,1.6,1.6,1.6
"Korea, Rep. of",Vulnerability,Index,,,,,,,,,,,,,,,,,,,0.8,0.9,1,1,1.1,1.3,1.4,1.3,1.2,1.2
Kuwait,Climate-driven Hazard & Exposure,Index,,,,,,,,,,,,,,,,,,,1.7,1.7,1.7,1.7,1.7,1.7,1.7,1.7,1.7,1.7
Kuwait,Climate-driven INFORM Risk Indicator,Index,,,,,,,,,,,,,,,,,,,2.1,2.2,2.1,2.2,2.1,2.1,2.1,2.1,2.1,2.1
Kuwait,Lack of coping capacity,Index,,,,,,,,,,,,,,,,,,,3.8,3.8,3.5,3.8,3.8,3.7,3.6,3.7,3.7,3.7
Kuwait,Vulnerability,Index,,,,,,,,,,,,,,,,,,,1.5,1.7,1.6,1.6,1.5,1.5,1.5,1.5,1.5,1.5
Kyrgyz Rep.,Climate-driven Hazard & Exposure,Index,,,,,,,,,,,,,,,,,,,4.3,4.3,4.3,4.3,4.3,4.3,4.3,4.3,4.3,4.3
Kyrgyz Rep.,Climate-driven INFORM Risk Indicator,Index,,,,,,,,,,,,,,,,,,,3.7,3.5,3.6,3.5,3.5,3.5,3.5,3.5,3.4,3.5
Kyrgyz Rep.,Lack of coping capacity,Index,,,,,,,,,,,,,,,,,,,4.9,4.5,4.5,4.5,4.4,4.3,4.3,4.2,4.3,4.3
Kyrgyz Rep.,Vulnerability,Index,,,,,,,,,,,,,,,,,,,2.5,2.3,2.4,2.3,2.2,2.3,2.3,2.4,2.2,2.3
Lao People's Dem. Rep.,Climate-driven Hazard & Exposure,Index,,,,,,,,,,,,,,,,,,,6,6,6,6,6,6,6,6,6,6
Lao People's Dem. Rep.,Climate-driven INFORM Risk Indicator,Index,,,,,,,,,,,,,,,,,,,5.5,5.4,5.2,5.1,5,5.8,5.3,5.1,5,5
Lao People's Dem. Rep.,Lack of coping capacity,Index,,,,,,,,,,,,,,,,,,,5.9,6.3,6,5.9,5.8,5.8,5.9,5.9,5.9,5.9
Lao People's Dem. Rep.,Vulnerability,Index,,,,,,,,,,,,,,,,,,,4.6,4.1,3.9,3.8,3.7,5.5,4.2,3.8,3.6,3.5
Latvia,Climate-driven Hazard & Exposure,Index,,,,,,,,,,,,,,,,,,,3.5,3.5,3.5,3.5,3.5,3.5,3.5,3.5,3.5,3.5
Latvia,Climate-driven INFORM Risk Indicator,Index,,,,,,,,,,,,,,,,,,,2.3,2.3,2.2,2.2,2.2,2.1,2.1,2.1,2.8,2.8
Latvia,Lack of coping capacity,Index,,,,,,,,,,,,,,,,,,,2.8,2.8,2.7,2.6,2.6,2.6,2.5,2.6,2.5,2.5
Latvia,Vulnerability,Index,,,,,,,,,,,,,,,,,,,1.2,1.2,1.2,1.1,1.2,1,1,1,2.5,2.5
Lebanon,Climate-driven Hazard & Exposure,Index,,,,,,,,,,,,,,,,,,,1.1,1.1,1.1,1.1,1.1,1.1,1.1,1.1,1.1,1.1
Lebanon,Climate-driven INFORM Risk Indicator,Index,,,,,,,,,,,,,,,,,,,3.2,3.1,3.2,3.1,3.1,3,3.1,3.1,3.1,3.1
Lebanon,Lack of coping capacity,Index,,,,,,,,,,,,,,,,,,,4.7,4.3,4.3,4.2,4.2,4.2,4.3,4.4,4.4,4.4
Lebanon,Vulnerability,Index,,,,,,,,,,,,,,,,,,,6.1,6.2,6.9,6.5,6.3,6.1,6.2,6.3,6.4,6.4
"Lesotho, Kingdom of",Climate-driven Hazard & Exposure,Index,,,,,,,,,,,,,,,,,,,3.7,3.7,3.7,3.7,3.7,3.7,3.7,3.7,3.7,3.7
"Lesotho, Kingdom of",Climate-driven INFORM Risk Indicator,Index,,,,,,,,,,,,,,,,,,,5.4,5.2,5.1,5.3,5.2,5.2,5.2,5.3,5.4,5.3
"Lesotho, Kingdom of",Lack of coping capacity,Index,,,,,,,,,,,,,,,,,,,6.7,6.7,6.9,6.8,6.8,6.8,6.7,6.8,6.8,6.8
"Lesotho, Kingdom of",Vulnerability,Index,,,,,,,,,,,,,,,,,,,6.2,5.6,5.1,5.9,5.7,5.6,5.8,5.9,6.1,5.8
Liberia,Climate-driven Hazard & Exposure,Index,,,,,,,,,,,,,,,,,,,2.8,2.8,2.8,2.8,2.8,2.8,2.8,2.8,2.8,2.8
Liberia,Climate-driven INFORM Risk Indicator,Index,,,,,,,,,,,,,,,,,,,5.3,5.4,5.3,5.2,5.1,5.1,5.1,5.2,5.2,5.1
Liberia,Lack of coping capacity,Index,,,,,,,,,,,,,,,,,,,7.7,7.8,7.7,7.5,7.6,7.6,7.8,7.8,7.8,7.8
Liberia,Vulnerability,Index,,,,,,,,,,,,,,,,,,,7.1,7.1,6.9,6.8,6.3,6.3,6.1,6.3,6.3,5.9
Libya,Climate-driven Hazard & Exposure,Index,,,,,,,,,,,,,,,,,,,2.8,2.8,2.8,2.8,2.8,2.8,2.8,2.8,2.8,2.8
Libya,Climate-driven INFORM Risk Indicator,Index,,,,,,,,,,,,,,,,,,,3.9,4.5,4.6,4.4,4.2,4.3,4.6,4.4,4.3,4.3
Libya,Lack of coping capacity,Index,,,,,,,,,,,,,,,,,,,6.5,6.6,6.6,6.9,6.6,6.8,6.9,7.1,7.1,7.1
Libya,Vulnerability,Index,,,,,,,,,,,,,,,,,,,3.3,4.9,5.2,4.5,4.1,4.3,5.1,4.3,4,4
Lithuania,Climate-driven Hazard & Exposure,Index,,,,,,,,,,,,,,,,,,,2.6,2.6,2.6,2.6,2.6,2.6,2.6,2.6,2.6,2.6
Lithuania,Climate-driven INFORM Risk Indicator,Index,,,,,,,,,,,,,,,,,,,2,1.9,1.9,1.8,1.9,1.9,1.9,1.8,2.5,2.5
Lithuania,Lack of coping capacity,Index,,,,,,,,,,,,,,,,,,,2.7,2.4,2.3,2.4,2.4,2.3,2.3,2.3,2.2,2.2
Lithuania,Vulnerability,Index,,,,,,,,,,,,,,,,,,,1.1,1.1,1.1,1,1.1,1.1,1.1,1,2.6,2.6
Luxembourg,Climate-driven Hazard & Exposure,Index,,,,,,,,,,,,,,,,,,,1,1,1,1,1,1,1,1,1,1
Luxembourg,Climate-driven INFORM Risk Indicator,Index,,,,,,,,,,,,,,,,,,,1.3,1.1,1.2,1.2,1.2,1.2,1.2,1.2,1.3,1.3
Luxembourg,Lack of coping capacity,Index,,,,,,,,,,,,,,,,,,,1.9,1.3,1.3,1.3,1.2,1.2,1.3,1.2,1.1,1.1
Luxembourg,Vulnerability,Index,,,,,,,,,,,,,,,,,,,1.1,1.1,1.3,1.4,1.3,1.3,1.4,1.6,1.9,1.9
"Madagascar, Rep. of",Climate-driven Hazard & Exposure,Index,,,,,,,,,,,,,,,,,,,6.6,6.6,6.6,6.6,6.6,6.6,6.6,6.6,6.6,6.6
"Madagascar, Rep. of",Climate-driven INFORM Risk Indicator,Index,,,,,,,,,,,,,,,,,,,6.1,6.1,6.2,6.2,6.2,6.3,6.1,6.4,6.3,6.3
"Madagascar, Rep. of",Lack of coping capacity,Index,,,,,,,,,,,,,,,,,,,7.2,7.3,7.4,7.3,7.3,7.1,7,7.1,7.1,7.1
"Madagascar, Rep. of",Vulnerability,Index,,,,,,,,,,,,,,,,,,,4.7,4.8,4.8,5,5,5.3,5,5.5,5.3,5.3
Malawi,Climate-driven Hazard & Exposure,Index,,,,,,,,,,,,,,,,,,,4.2,4.2,4.2,4.2,4.2,4.2,4.2,4.2,4.2,4.2
Malawi,Climate-driven INFORM Risk Indicator,Index,,,,,,,,,,,,,,,,,,,5.6,5.4,5.6,5.6,5.4,5.3,5.4,5.4,5.3,5.3
Malawi,Lack of coping capacity,Index,,,,,,,,,,,,,,,,,,,6.8,6.5,6.7,6.6,6.5,6.5,6.4,6.4,6.4,6.4
Malawi,Vulnerability,Index,,,,,,,,,,,,,,,,,,,6.1,5.9,6.4,6.4,5.9,5.6,5.8,5.7,5.5,5.5
Malaysia,Climate-driven Hazard & Exposure,Index,,,,,,,,,,,,,,,,,,,4.5,4.5,4.5,4.5,4.5,4.5,4.5,4.5,4.5,4.5
Malaysia,Climate-driven INFORM Risk Indicator,Index,,,,,,,,,,,,,,,,,,,3.5,3.7,3.6,3.5,3.5,3.5,3.4,3.4,3.4,3.4
Malaysia,Lack of coping capacity,Index,,,,,,,,,,,,,,,,,,,3.2,3,3.1,3.1,3.1,3.1,3,3,3,3
Malaysia,Vulnerability,Index,,,,,,,,,,,,,,,,,,,3.1,3.7,3.3,3.1,3,3.1,3,3,3,3
Maldives,Climate-driven Hazard & Exposure,Index,,,,,,,,,,,,,,,,,,,0.1,0.1,0.1,0.1,0.1,0.1,0.1,0.1,0.1,0.1
Maldives,Climate-driven INFORM Risk Indicator,Index,,,,,,,,,,,,,,,,,,,1.1,1,1,1,1,1,0.9,0.9,0.9,0.9
Maldives,Lack of coping capacity,Index,,,,,,,,,,,,,,,,,,,5.2,4.8,4.6,4.1,4.2,4.3,4.2,4,4,4
Maldives,Vulnerability,Index,,,,,,,,,,,,,,,,,,,2.7,2.4,2.4,2.3,2.2,2.3,1.7,2,2,2
Mali,Climate-driven Hazard & Exposure,Index,,,,,,,,,,,,,,,,,,,5.4,5.4,5.4,5.4,5.4,5.4,5.4,5.4,5.5,5.5
Mali,Climate-driven INFORM Risk Indicator,Index,,,,,,,,,,,,,,,,,,,6.5,6.2,6,5.9,5.9,6,5.9,6.3,6.4,6.3
Mali,Lack of coping capacity,Index,,,,,,,,,,,,,,,,,,,7.1,6.9,6.7,6.6,6.5,6.4,6.5,6.6,6.6,6.6
Mali,Vulnerability,Index,,,,,,,,,,,,,,,,,,,7.2,6.4,6,5.9,5.8,6.1,5.8,7,7.2,6.8
Malta,Climate-driven Hazard & Exposure,Index,,,,,,,,,,,,,,,,,,,0.1,0.1,0.1,0.1,0.1,0.1,0.1,0.1,0.1,0.1
Malta,Climate-driven INFORM Risk Indicator,Index,,,,,,,,,,,,,,,,,,,0.8,0.7,0.8,0.8,0.8,0.8,0.8,0.8,0.8,0.8
Malta,Lack of coping capacity,Index,,,,,,,,,,,,,,,,,,,2.3,2.4,2.5,2.4,2.3,2.4,2.5,2.3,2.3,2.3
Malta,Vulnerability,Index,,,,,,,,,,,,,,,,,,,2.1,1.7,1.9,1.9,1.9,1.9,2.1,2.1,2.2,2.2
"Marshall Islands, Rep. of the",Climate-driven Hazard & Exposure,Index,,,,,,,,,,,,,,,,,,,1.6,1.6,1.6,1.6,1.6,1.6,1.6,1.6,1.6,1.6
"Marshall Islands, Rep. of the",Climate-driven INFORM Risk Indicator,Index,,,,,,,,,,,,,,,,,,,4.1,3.9,3.8,4,4,4,3.5,3.3,3.3,3.6
"Marshall Islands, Rep. of the",Lack of coping capacity,Index,,,,,,,,,,,,,,,,,,,6.8,6.4,6.4,6.4,6.3,6.3,6.2,6.2,6.2,6.2
"Marshall Islands, Rep. of the",Vulnerability,Index,,,,,,,,,,,,,,,,,,,6.4,5.6,5.3,6.1,6.3,6.4,4.5,3.5,3.5,4.6
"Mauritania, Islamic Rep. of",Climate-driven Hazard & Exposure,Index,,,,,,,,,,,,,,,,,,,6.5,6.5,6.5,6.5,6.5,6.5,6.5,6.5,6.5,6.5
"Mauritania, Islamic Rep. of",Climate-driven INFORM Risk Indicator,Index,,,,,,,,,,,,,,,,,,,6.6,6.3,6.2,6.1,6.4,6.4,6.3,6.4,6.3,6.2
"Mauritania, Islamic Rep. of",Lack of coping capacity,Index,,,,,,,,,,,,,,,,,,,7,6.8,6.8,6.7,6.6,6.5,6.4,6.5,6.5,6.5
"Mauritania, Islamic Rep. of",Vulnerability,Index,,,,,,,,,,,,,,,,,,,6.4,5.6,5.5,5.3,6.2,6.2,6.1,6.3,5.8,5.6
Mauritius,Climate-driven Hazard & Exposure,Index,,,,,,,,,,,,,,,,,,,3.4,3.4,3.4,3.4,3.4,3.4,3.4,3.4,3.4,3.4
Mauritius,Climate-driven INFORM Risk Indicator,Index,,,,,,,,,,,,,,,,,,,2.6,2.5,2.5,2.5,2.4,2.5,2.4,2.5,2.5,2.5
Mauritius,Lack of coping capacity,Index,,,,,,,,,,,,,,,,,,,3,2.8,2.8,2.9,2.8,2.8,2.8,2.8,2.8,2.8
Mauritius,Vulnerability,Index,,,,,,,,,,,,,,,,,,,1.7,1.7,1.7,1.6,1.5,1.6,1.5,1.6,1.6,1.6
Mexico,Climate-driven Hazard & Exposure,Index,,,,,,,,,,,,,,,,,,,6.4,6.4,6.4,6.4,6.4,6.4,6.4,6.4,6.4,6.4
Mexico,Climate-driven INFORM Risk Indicator,Index,,,,,,,,,,,,,,,,,,,4.4,4.5,4.7,4.7,4.8,4.7,4.9,4.8,4.9,4.9
Mexico,Lack of coping capacity,Index,,,,,,,,,,,,,,,,,,,3.8,3.8,4.3,4.4,4.5,4.4,4.5,4.4,4.4,4.4
Mexico,Vulnerability,Index,,,,,,,,,,,,,,,,,,,3.6,3.7,3.7,3.7,3.9,3.8,4,4,4.3,4.3
"Micronesia, Federated States of",Climate-driven Hazard & Exposure,Index,,,,,,,,,,,,,,,,,,,3.4,3.4,3.4,3.4,3.4,3.4,3.4,3.4,3.4,3.4
"Micronesia, Federated States of",Climate-driven INFORM Risk Indicator,Index,,,,,,,,,,,,,,,,,,,4.5,4.4,4.8,4.8,4.8,4.8,4.4,4.1,4.1,4
"Micronesia, Federated States of",Lack of coping capacity,Index,,,,,,,,,,,,,,,,,,,5.8,5.4,5.3,5.4,5.1,5.2,5.2,5,5,5
"Micronesia, Federated States of",Vulnerability,Index,,,,,,,,,,,,,,,,,,,4.5,4.6,6.2,6.2,6.2,6.1,4.9,4.1,4,3.9
"Moldova, Rep. of",Climate-driven Hazard & Exposure,Index,,,,,,,,,,,,,,,,,,,4,4,4,4,4,4,4,4,4,4
"Moldova, Rep. of",Climate-driven INFORM Risk Indicator,Index,,,,,,,,,,,,,,,,,,,3.5,3.4,3.4,3.3,3.3,3.2,3.2,3.3,3.3,4.1
"Moldova, Rep. of",Lack of coping capacity,Index,,,,,,,,,,,,,,,,,,,5,4.7,4.7,4.6,4.6,4.5,4.5,4.6,4.5,4.5
"Moldova, Rep. of",Vulnerability,Index,,,,,,,,,,,,,,,,,,,2.2,2.1,2.1,2,2,1.9,1.8,1.9,2,3.7
Mongolia,Climate-driven Hazard & Exposure,Index,,,,,,,,,,,,,,,,,,,4.2,4.2,4.2,4.2,4.2,4.2,4.2,4.2,4.2,4.2
Mongolia,Climate-driven INFORM Risk Indicator,Index,,,,,,,,,,,,,,,,,,,3.8,3.7,4.2,4.1,4.2,4.1,3.8,3.7,3.6,3.5
Mongolia,Lack of coping capacity,Index,,,,,,,,,,,,,,,,,,,5.3,4.9,4.9,4.8,4.9,4.8,4.8,4.6,4.6,4.6
Mongolia,Vulnerability,Index,,,,,,,,,,,,,,,,,,,2.4,2.4,3.5,3.5,3.6,3.4,2.7,2.7,2.4,2.3
Montenegro,Climate-driven Hazard & Exposure,Index,,,,,,,,,,,,,,,,,,,2.3,2.3,2.3,2.3,2.3,2.3,2.3,2.3,2.3,2.3
Montenegro,Climate-driven INFORM Risk Indicator,Index,,,,,,,,,,,,,,,,,,,2.8,2.7,2.5,2.3,2.3,2.3,2.2,2.3,2.7,2.7
Montenegro,Lack of coping capacity,Index,,,,,,,,,,,,,,,,,,,3.8,3.3,3.3,3.3,3.3,3.2,3.2,3.3,3.2,3.2
Montenegro,Vulnerability,Index,,,,,,,,,,,,,,,,,,,2.6,2.5,2,1.7,1.7,1.7,1.5,1.6,2.6,2.6
Morocco,Climate-driven Hazard & Exposure,Index,,,,,,,,,,,,,,,,,,,4.1,4.1,4.1,4.1,4.1,4.1,4.1,4.1,4.1,4.1
Morocco,Climate-driven INFORM Risk Indicator,Index,,,,,,,,,,,,,,,,,,,4.1,4,4,4,4.1,4.1,4,4,4,4
Morocco,Lack of coping capacity,Index,,,,,,,,,,,,,,,,,,,5.1,5,4.9,4.9,4.8,4.8,4.7,4.6,4.6,4.6
Morocco,Vulnerability,Index,,,,,,,,,,,,,,,,,,,3.3,3.1,3.3,3.3,3.6,3.4,3.4,3.3,3.4,3.4
"Mozambique, Rep. of",Climate-driven Hazard & Exposure,Index,,,,,,,,,,,,,,,,,,,6,6,6,6,6,6,6,6,6,6
"Mozambique, Rep. of",Climate-driven INFORM Risk Indicator,Index,,,,,,,,,,,,,,,,,,,6.4,6.3,6.3,6.5,6.5,6.3,6.5,6.7,6.6,6.6
"Mozambique, Rep. of",Lack of coping capacity,Index,,,,,,,,,,,,,,,,,,,6.8,6.5,6.4,6.5,6.5,6.4,6.3,6.3,6.2,6.2
"Mozambique, Rep. of",Vulnerability,Index,,,,,,,,,,,,,,,,,,,6.3,6.5,6.4,7.1,6.9,6.6,7.1,7.9,7.8,7.8
Myanmar,Climate-driven Hazard & Exposure,Index,,,,,,,,,,,,,,,,,,,7,7,7,7,7,7,7,7,7,7
Myanmar,Climate-driven INFORM Risk Indicator,Index,,,,,,,,,,,,,,,,,,,6.8,6.6,6.7,6.6,6.3,6.1,6.1,6.1,6.2,6.2
Myanmar,Lack of coping capacity,Index,,,,,,,,,,,,,,,,,,,7.3,7,6.8,6.5,6.4,6.3,6.1,6.1,6.1,6.1
Myanmar,Vulnerability,Index,,,,,,,,,,,,,,,,,,,6.1,5.9,6.4,6.4,5.6,5.2,5.3,5.2,5.5,5.5
Namibia,Climate-driven Hazard & Exposure,Index,,,,,,,,,,,,,,,,,,,6.4,6.4,6.4,6.4,6.4,6.4,6.4,6.4,6.5,6.5
Namibia,Climate-driven INFORM Risk Indicator,Index,,,,,,,,,,,,,,,,,,,5.7,5.5,5.3,5.3,5.3,5.3,5.6,5.4,5.4,5.4
Namibia,Lack of coping capacity,Index,,,,,,,,,,,,,,,,,,,5,5,4.8,4.9,5,5,5,4.9,5,5
Namibia,Vulnerability,Index,,,,,,,,,,,,,,,,,,,5.8,5.3,4.9,4.7,4.7,4.6,5.5,4.9,4.9,4.9
"Nauru, Rep. of",Climate-driven Hazard & Exposure,Index,,,,,,,,,,,,,,,,,,,0.1,0.1,0.1,0.1,0.1,0.1,0.1,0.1,0.1,0.1
"Nauru, Rep. of",Climate-driven INFORM Risk Indicator,Index,,,,,,,,,,,,,,,,,,,1.4,1.3,1.3,1.3,1.3,1.2,1.3,1.3,1.3,1.3
"Nauru, Rep. of",Lack of coping capacity,Index,,,,,,,,,,,,,,,,,,,6,5.6,5.4,5.5,5.3,5.1,5.1,5.1,5.1,5.1
"Nauru, Rep. of",Vulnerability,Index,,,,,,,,,,,,,,,,,,,4.2,4,3.9,3.9,3.9,3.8,4.1,4.1,4,4
Nepal,Climate-driven Hazard & Exposure,Index,,,,,,,,,,,,,,,,,,,3.9,3.9,3.9,3.9,3.9,3.9,3.9,3.9,3.9,3.9
Nepal,Climate-driven INFORM Risk Indicator,Index,,,,,,,,,,,,,,,,,,,5,4.9,5.2,5.1,5,4.6,4.6,4.6,4.6,4.6
Nepal,Lack of coping capacity,Index,,,,,,,,,,,,,,,,,,,6.1,5.9,6.1,5.9,5.8,5.6,5.5,5.5,5.5,5.5
Nepal,Vulnerability,Index,,,,,,,,,,,,,,,,,,,5.1,5,5.9,5.7,5.4,4.6,4.4,4.4,4.4,4.4
"Netherlands, The",Climate-driven Hazard & Exposure,Index,,,,,,,,,,,,,,,,,,,2.6,2.6,2.6,2.6,2.6,2.6,2.6,2.6,2.6,2.6
"Netherlands, The",Climate-driven INFORM Risk Indicator,Index,,,,,,,,,,,,,,,,,,,1.9,1.9,1.9,1.9,1.9,1.9,1.9,1.9,2,2
"Netherlands, The",Lack of coping capacity,Index,,,,,,,,,,,,,,,,,,,1.4,1.2,1.2,1.2,1.3,1.3,1.2,1.3,1.3,1.3
"Netherlands, The",Vulnerability,Index,,,,,,,,,,,,,,,,,,,1.9,2.1,2.1,2.1,2.1,2.1,2.2,2,2.5,2.5
New Zealand,Climate-driven Hazard & Exposure,Index,,,,,,,,,,,,,,,,,,,2.8,2.8,2.8,2.8,2.8,2.8,2.8,2.8,2.8,2.8
New Zealand,Climate-driven INFORM Risk Indicator,Index,,,,,,,,,,,,,,,,,,,1.7,1.7,1.6,1.6,1.6,1.6,1.6,1.7,1.7,1.7
New Zealand,Lack of coping capacity,Index,,,,,,,,,,,,,,,,,,,1.9,1.8,1.8,1.7,1.8,1.8,1.8,1.8,1.8,1.8
New Zealand,Vulnerability,Index,,,,,,,,,,,,,,,,,,,1,0.9,0.8,0.8,0.8,0.8,0.8,0.9,0.9,0.9
Nicaragua,Climate-driven Hazard & Exposure,Index,,,,,,,,,,,,,,,,,,,4.3,4.3,4.3,4.3,4.3,4.3,4.3,4.3,4.3,4.3
Nicaragua,Climate-driven INFORM Risk Indicator,Index,,,,,,,,,,,,,,,,,,,4.3,4.6,4.3,4.3,4.2,4.4,4.3,4.7,4.5,4.4
Nicaragua,Lack of coping capacity,Index,,,,,,,,,,,,,,,,,,,5.3,5.4,5.3,5.2,5.2,5.2,5.3,5.2,5.3,5.3
Nicaragua,Vulnerability,Index,,,,,,,,,,,,,,,,,,,3.4,4.1,3.6,3.5,3.4,3.7,3.6,4.5,4,3.7
Niger,Climate-driven Hazard & Exposure,Index,,,,,,,,,,,,,,,,,,,5.4,5.4,5.4,5.4,5.4,5.4,5.4,5.4,5.4,5.4
Niger,Climate-driven INFORM Risk Indicator,Index,,,,,,,,,,,,,,,,,,,6.4,6.4,6.7,6.6,6.6,6.5,6.5,6.7,6.7,6.8
Niger,Lack of coping capacity,Index,,,,,,,,,,,,,,,,,,,7.8,7.9,7.8,7.7,7.6,7.7,7.5,7.5,7.5,7.5
Niger,Vulnerability,Index,,,,,,,,,,,,,,,,,,,6.3,6.2,7.2,6.9,7.1,6.7,6.8,7.5,7.5,7.6
Nigeria,Climate-driven Hazard & Exposure,Index,,,,,,,,,,,,,,,,,,,4.1,4.1,4.1,4.1,4.1,4.1,4.1,4.1,4.1,4.1
Nigeria,Climate-driven INFORM Risk Indicator,Index,,,,,,,,,,,,,,,,,,,5.6,5.4,5.4,5.4,5.4,5.2,5.3,5.3,5.3,5.3
Nigeria,Lack of coping capacity,Index,,,,,,,,,,,,,,,,,,,6.9,6.7,6.7,6.5,6.5,6.3,6.3,6.3,6.3,6.3
Nigeria,Vulnerability,Index,,,,,,,,,,,,,,,,,,,6.1,5.7,5.8,5.9,5.9,5.6,5.9,5.8,5.8,5.8
"North Macedonia, Republic of ",Climate-driven Hazard & Exposure,Index,,,,,,,,,,,,,,,,,,,2.8,2.8,2.8,2.8,2.8,2.8,2.8,2.8,2.8,2.8
"North Macedonia, Republic of ",Climate-driven INFORM Risk Indicator,Index,,,,,,,,,,,,,,,,,,,2.8,2.8,2.8,2.8,2.6,2.6,2.5,2.6,2.8,2.8
"North Macedonia, Republic of ",Lack of coping capacity,Index,,,,,,,,,,,,,,,,,,,3.7,3.5,3.5,3.6,3.6,3.5,3.5,3.6,3.6,3.6
"North Macedonia, Republic of ",Vulnerability,Index,,,,,,,,,,,,,,,,,,,2.1,2.2,2.2,2.1,1.8,1.7,1.6,1.7,2.2,2.1
Norway,Climate-driven Hazard & Exposure,Index,,,,,,,,,,,,,,,,,,,0.6,0.6,0.6,0.6,0.6,0.6,0.6,0.6,0.6,0.6
Norway,Climate-driven INFORM Risk Indicator,Index,,,,,,,,,,,,,,,,,,,1.3,1.2,1.3,1.3,1.3,1.3,1.2,1.2,1.2,1.2
Norway,Lack of coping capacity,Index,,,,,,,,,,,,,,,,,,,1.8,1.6,1.6,1.6,1.6,1.6,1.6,1.6,1.5,1.5
Norway,Vulnerability,Index,,,,,,,,,,,,,,,,,,,2,2,2.2,2.2,2.1,2.1,2,1.9,1.9,1.9
Oman,Climate-driven Hazard & Exposure,Index,,,,,,,,,,,,,,,,,,,3.4,3.4,3.4,3.4,3.4,3.4,3.4,3.4,3.4,3.4
Oman,Climate-driven INFORM Risk Indicator,Index,,,,,,,,,,,,,,,,,,,2.7,2.8,2.7,2.7,2.7,2.7,2.7,2.7,2.7,2.7
Oman,Lack of coping capacity,Index,,,,,,,,,,,,,,,,,,,4,3.9,4,4,4,3.7,3.7,3.7,3.7,3.7
Oman,Vulnerability,Index,,,,,,,,,,,,,,,,,,,1.5,1.6,1.5,1.5,1.5,1.5,1.5,1.6,1.6,1.6
Pakistan,Climate-driven Hazard & Exposure,Index,,,,,,,,,,,,,,,,,,,6.4,6.4,6.4,6.4,6.4,6.4,6.4,6.4,6.4,6.4
Pakistan,Climate-driven INFORM Risk Indicator,Index,,,,,,,,,,,,,,,,,,,6,6,6,5.9,5.9,5.8,5.8,5.8,5.9,5.9
Pakistan,Lack of coping capacity,Index,,,,,,,,,,,,,,,,,,,5.7,5.7,5.7,5.6,5.5,5.5,5.4,5.4,5.4,5.4
Pakistan,Vulnerability,Index,,,,,,,,,,,,,,,,,,,6,6,6,5.7,5.7,5.5,5.6,5.6,5.8,5.8
"Palau, Rep. of",Climate-driven Hazard & Exposure,Index,,,,,,,,,,,,,,,,,,,2.1,2.1,2.1,2.1,2.1,2.1,2.1,2.1,3,3
"Palau, Rep. of",Climate-driven INFORM Risk Indicator,Index,,,,,,,,,,,,,,,,,,,2.9,2.7,2.6,2.7,2.6,2.7,2.5,3.1,3.8,3.8
"Palau, Rep. of",Lack of coping capacity,Index,,,,,,,,,,,,,,,,,,,4.7,4.5,4.4,4.3,4.2,4.1,4,4,4,4
"Palau, Rep. of",Vulnerability,Index,,,,,,,,,,,,,,,,,,,2.4,2.2,1.9,2.2,2,2.3,1.9,3.4,4.4,4.4
Panama,Climate-driven Hazard & Exposure,Index,,,,,,,,,,,,,,,,,,,2.3,2.3,2.3,2.3,2.3,2.3,2.3,2.3,2.3,2.3
Panama,Climate-driven INFORM Risk Indicator,Index,,,,,,,,,,,,,,,,,,,3.1,3,3,3,2.9,2.9,3.2,3.3,3.3,3.3
Panama,Lack of coping capacity,Index,,,,,,,,,,,,,,,,,,,4.2,4.1,4.1,4.1,4.1,4,3.9,4.1,4.1,4.1
Panama,Vulnerability,Index,,,,,,,,,,,,,,,,,,,3,2.9,2.9,2.9,2.5,2.6,3.8,3.8,3.9,3.8
Papua New Guinea,Climate-driven Hazard & Exposure,Index,,,,,,,,,,,,,,,,,,,3.5,3.5,3.5,3.5,3.5,3.5,3.5,3.5,3.5,3.5
Papua New Guinea,Climate-driven INFORM Risk Indicator,Index,,,,,,,,,,,,,,,,,,,5.1,5.1,5.4,5.4,5.2,5.3,5.2,5.2,5.2,5.2
Papua New Guinea,Lack of coping capacity,Index,,,,,,,,,,,,,,,,,,,7.4,7.4,7.4,7.4,7.3,7.4,7.3,7.4,7.3,7.3
Papua New Guinea,Vulnerability,Index,,,,,,,,,,,,,,,,,,,5.1,5.2,6,6,5.6,5.6,5.4,5.5,5.5,5.5
Paraguay,Climate-driven Hazard & Exposure,Index,,,,,,,,,,,,,,,,,,,3,3,3,3,3,3,3,3,3,3
Paraguay,Climate-driven INFORM Risk Indicator,Index,,,,,,,,,,,,,,,,,,,3.7,3.7,3.3,3.2,3.1,3.2,3.6,3.5,3.4,3.3
Paraguay,Lack of coping capacity,Index,,,,,,,,,,,,,,,,,,,4.8,4.7,4.6,4.4,4.5,4.3,4.3,4.3,4.2,4.2
Paraguay,Vulnerability,Index,,,,,,,,,,,,,,,,,,,3.5,3.6,2.6,2.4,2.3,2.5,3.6,3.2,3.1,2.9
Peru,Climate-driven Hazard & Exposure,Index,,,,,,,,,,,,,,,,,,,4,4,4,4,4,4,4,4,4,4
Peru,Climate-driven INFORM Risk Indicator,Index,,,,,,,,,,,,,,,,,,,4.2,4.1,4,3.9,4.1,4.2,4.4,4.4,4.6,4.6
Peru,Lack of coping capacity,Index,,,,,,,,,,,,,,,,,,,4.6,4.6,4.5,4.5,4.4,4.4,4.3,4.4,4.4,4.4
Peru,Vulnerability,Index,,,,,,,,,,,,,,,,,,,3.9,3.8,3.5,3.4,4,4.2,5,5,5.5,5.5
Philippines,Climate-driven Hazard & Exposure,Index,,,,,,,,,,,,,,,,,,,7.6,7.6,7.6,7.6,7.6,7.6,7.6,7.6,7.6,7.6
Philippines,Climate-driven INFORM Risk Indicator,Index,,,,,,,,,,,,,,,,,,,5.7,5.5,5.4,5.4,5.4,5.5,5.3,5.3,5.3,5.2
Philippines,Lack of coping capacity,Index,,,,,,,,,,,,,,,,,,,4.8,4.4,4.4,4.3,4.2,4.2,4.1,4.1,4.1,4.1
Philippines,Vulnerability,Index,,,,,,,,,,,,,,,,,,,5,4.9,4.8,4.9,5,5.2,4.9,4.9,4.8,4.4
"Poland, Rep. of",Climate-driven Hazard & Exposure,Index,,,,,,,,,,,,,,,,,,,3.3,3.3,3.3,3.3,3.3,3.3,3.3,3.3,3.3,3.3
"Poland, Rep. of",Climate-driven INFORM Risk Indicator,Index,,,,,,,,,,,,,,,,,,,2.5,2.5,2.4,2.3,2.3,2.3,2.3,2.1,1.7,3.4
"Poland, Rep. of",Lack of coping capacity,Index,,,,,,,,,,,,,,,,,,,3,2.8,2.8,2.8,2.8,2.9,2.9,3,3,3
"Poland, Rep. of",Vulnerability,Index,,,,,,,,,,,,,,,,,,,1.6,1.6,1.5,1.4,1.3,1.3,1.3,1,0.5,3.9
Portugal,Climate-driven Hazard & Exposure,Index,,,,,,,,,,,,,,,,,,,2.4,2.4,2.4,2.4,2.4,2.4,2.4,2.4,2.4,2.4
Portugal,Climate-driven INFORM Risk Indicator,Index,,,,,,,,,,,,,,,,,,,1.9,1.6,1.7,1.7,1.6,1.7,1.7,1.7,2.2,2.2
Portugal,Lack of coping capacity,Index,,,,,,,,,,,,,,,,,,,2.8,2,2,2,1.9,1.9,2,2,2,2
Portugal,Vulnerability,Index,,,,,,,,,,,,,,,,,,,1,0.9,1,1,0.9,1,1,1.1,2.1,2.1
Qatar,Climate-driven Hazard & Exposure,Index,,,,,,,,,,,,,,,,,,,1.7,1.7,1.7,1.7,1.7,1.7,1.7,1.7,1.7,1.7
Qatar,Climate-driven INFORM Risk Indicator,Index,,,,,,,,,,,,,,,,,,,1.9,2,1.9,1.9,1.7,1.7,1.7,1.7,1.7,1.7
Qatar,Lack of coping capacity,Index,,,,,,,,,,,,,,,,,,,2.4,2.6,2.6,2.7,2.9,3,2.9,2.9,2.9,2.9
Qatar,Vulnerability,Index,,,,,,,,,,,,,,,,,,,1.7,1.7,1.6,1.6,1,1,1,1,1,1
Romania,Climate-driven Hazard & Exposure,Index,,,,,,,,,,,,,,,,,,,3.8,3.8,3.8,3.8,3.8,3.8,3.8,3.8,3.8,3.8
Romania,Climate-driven INFORM Risk Indicator,Index,,,,,,,,,,,,,,,,,,,2.9,2.7,2.8,2.7,2.8,2.7,2.7,2.7,2.3,3.2
Romania,Lack of coping capacity,Index,,,,,,,,,,,,,,,,,,,4.1,3.5,3.5,3.5,3.5,3.4,3.4,3.4,3.4,3.4
Romania,Vulnerability,Index,,,,,,,,,,,,,,,,,,,1.5,1.5,1.6,1.5,1.7,1.6,1.5,1.6,1,2.5
Russian Federation,Climate-driven Hazard & Exposure,Index,,,,,,,,,,,,,,,,,,,6.5,6.5,6.5,6.5,6.5,6.5,6.5,6.5,6.5,6.5
Russian Federation,Climate-driven INFORM Risk Indicator,Index,,,,,,,,,,,,,,,,,,,4.1,4.4,4.4,4.4,4.1,4,3.8,3.7,2.9,4.7
Russian Federation,Lack of coping capacity,Index,,,,,,,,,,,,,,,,,,,4.7,4.6,4.6,4.6,4.5,4.5,4.3,4.3,4.3,4.3
Russian Federation,Vulnerability,Index,,,,,,,,,,,,,,,,,,,2.2,2.8,2.9,2.8,2.4,2.2,1.9,1.8,0.9,3.6
Rwanda,Climate-driven Hazard & Exposure,Index,,,,,,,,,,,,,,,,,,,3.1,3.1,3.1,3.1,3.1,3.1,3.1,3.1,3.1,3.1
Rwanda,Climate-driven INFORM Risk Indicator,Index,,,,,,,,,,,,,,,,,,,4.7,4.6,4.6,4.6,4.6,4.6,4.5,4.5,4.5,4.5
Rwanda,Lack of coping capacity,Index,,,,,,,,,,,,,,,,,,,5.8,5.4,5.3,5.2,5.1,5,5,5,5,5
Rwanda,Vulnerability,Index,,,,,,,,,,,,,,,,,,,5.9,5.9,6.1,6.2,6.2,6.1,6,6,5.9,5.9
Samoa,Climate-driven Hazard & Exposure,Index,,,,,,,,,,,,,,,,,,,1.9,1.9,1.9,1.9,1.9,1.9,1.9,1.9,1.9,1.9
Samoa,Climate-driven INFORM Risk Indicator,Index,,,,,,,,,,,,,,,,,,,3.3,3.1,2.9,2.9,2.9,3,3,3,3,3
Samoa,Lack of coping capacity,Index,,,,,,,,,,,,,,,,,,,5.3,4.3,4.3,4.1,4.1,4.3,4.3,4.2,4.2,4.2
Samoa,Vulnerability,Index,,,,,,,,,,,,,,,,,,,3.7,3.5,3.1,3,3.2,3.4,3.4,3.5,3.5,3.4
"São Tomé and Príncipe, Dem. Rep. of",Climate-driven Hazard & Exposure,Index,,,,,,,,,,,,,,,,,,,0.1,0.1,0.1,0.1,0.1,0.1,0.1,0.1,0.1,0.1
"São Tomé and Príncipe, Dem. Rep. of",Climate-driven INFORM Risk Indicator,Index,,,,,,,,,,,,,,,,,,,1.4,1.4,1.4,1.3,1.3,1.3,1.3,1.3,1.4,1.4
"São Tomé and Príncipe, Dem. Rep. of",Lack of coping capacity,Index,,,,,,,,,,,,,,,,,,,6,5.7,5.6,5.4,5.4,5.4,5.4,5.3,5.3,5.3
"São Tomé and Príncipe, Dem. Rep. of",Vulnerability,Index,,,,,,,,,,,,,,,,,,,4.7,4.4,4.4,4.2,4.3,4.4,3.8,3.9,4.8,4.8
Saudi Arabia,Climate-driven Hazard & Exposure,Index,,,,,,,,,,,,,,,,,,,3.2,3.2,3.2,3.2,3.2,3.2,3.2,3.2,3.2,3.2
Saudi Arabia,Climate-driven INFORM Risk Indicator,Index,,,,,,,,,,,,,,,,,,,2.2,2.2,2.1,2.1,2.1,2.4,2.4,2.5,2.6,2.6
Saudi Arabia,Lack of coping capacity,Index,,,,,,,,,,,,,,,,,,,3.9,3.5,3.4,3.7,3.5,3.5,3.4,3.4,3.4,3.4
Saudi Arabia,Vulnerability,Index,,,,,,,,,,,,,,,,,,,0.9,0.9,0.8,0.8,0.8,1.2,1.2,1.5,1.6,1.6
Senegal,Climate-driven Hazard & Exposure,Index,,,,,,,,,,,,,,,,,,,4.1,4.1,4.1,4.1,4.1,4.1,4.1,4.1,4.1,4.1
Senegal,Climate-driven INFORM Risk Indicator,Index,,,,,,,,,,,,,,,,,,,5,5.1,5.1,5,4.9,4.9,4.8,4.8,4.8,4.8
Senegal,Lack of coping capacity,Index,,,,,,,,,,,,,,,,,,,5.7,6,5.9,5.8,5.7,5.6,5.4,5.4,5.5,5.5
Senegal,Vulnerability,Index,,,,,,,,,,,,,,,,,,,5.5,5.5,5.4,5.2,5.1,5,4.9,5,5,5
"Serbia, Rep. of",Climate-driven Hazard & Exposure,Index,,,,,,,,,,,,,,,,,,,5.2,5.2,5.2,5.2,5.2,5.2,5.2,5.2,5.2,5.2
"Serbia, Rep. of",Climate-driven INFORM Risk Indicator,Index,,,,,,,,,,,,,,,,,,,4.2,4.3,4.2,3.9,3.7,3.7,3.6,3.6,3.6,3.6
"Serbia, Rep. of",Lack of coping capacity,Index,,,,,,,,,,,,,,,,,,,4.1,3.8,3.8,3.6,3.6,3.7,3.7,3.7,3.7,3.7
"Serbia, Rep. of",Vulnerability,Index,,,,,,,,,,,,,,,,,,,3.5,3.9,3.8,3.1,2.7,2.6,2.5,2.5,2.4,2.4
Seychelles,Climate-driven Hazard & Exposure,Index,,,,,,,,,,,,,,,,,,,0.1,0.1,0.1,0.1,0.1,0.1,0.1,0.1,0.1,0.1
Seychelles,Climate-driven INFORM Risk Indicator,Index,,,,,,,,,,,,,,,,,,,0.9,0.9,0.9,0.9,0.8,0.7,0.7,0.8,0.7,0.7
Seychelles,Lack of coping capacity,Index,,,,,,,,,,,,,,,,,,,3.3,3.4,3.3,3.3,3.2,3.1,2.9,2.9,2.9,2.9
Seychelles,Vulnerability,Index,,,,,,,,,,,,,,,,,,,2.5,2.4,2,1.9,1.8,1.3,1.2,1.5,1.4,1.4
Sierra Leone,Climate-driven Hazard & Exposure,Index,,,,,,,,,,,,,,,,,,,2.1,2.1,2.1,2.1,2.1,2.1,2.1,2.1,2.1,2.1
Sierra Leone,Climate-driven INFORM Risk Indicator,Index,,,,,,,,,,,,,,,,,,,4.5,4.4,4.4,4.4,4.4,4.4,4.4,4.4,4.4,4.4
Sierra Leone,Lack of coping capacity,Index,,,,,,,,,,,,,,,,,,,7.4,7.2,7.2,7.1,7.1,6.9,6.9,6.8,6.8,6.8
Sierra Leone,Vulnerability,Index,,,,,,,,,,,,,,,,,,,5.7,5.7,5.7,5.7,5.6,5.8,5.8,5.8,5.8,5.8
Singapore,Climate-driven Hazard & Exposure,Index,,,,,,,,,,,,,,,,,,,0.1,0.1,0.1,0.1,0.1,0.1,0.1,0.1,0.1,0.1
Singapore,Climate-driven INFORM Risk Indicator,Index,,,,,,,,,,,,,,,,,,,0.4,0.4,0.4,0.4,0.3,0.3,0.3,0.3,0.3,0.3
Singapore,Lack of coping capacity,Index,,,,,,,,,,,,,,,,,,,1.2,1.1,1.1,1.1,1.1,1,1.1,1,1,1
Singapore,Vulnerability,Index,,,,,,,,,,,,,,,,,,,0.5,0.4,0.4,0.4,0.3,0.3,0.3,0.3,0.3,0.3
Slovak Rep.,Climate-driven Hazard & Exposure,Index,,,,,,,,,,,,,,,,,,,3.3,3.3,3.3,3.3,3.3,3.3,3.3,3.3,3.3,3.3
Slovak Rep.,Climate-driven INFORM Risk Indicator,Index,,,,,,,,,,,,,,,,,,,2.1,2,2,2,2,2,2,2,1.9,2.8
Slovak Rep.,Lack of coping capacity,Index,,,,,,,,,,,,,,,,,,,3,2.6,2.6,2.6,2.6,2.7,2.7,2.7,2.6,2.6
Slovak Rep.,Vulnerability,Index,,,,,,,,,,,,,,,,,,,1,1,1,1,1,0.9,0.9,0.9,0.8,2.6
"Slovenia, Rep. of",Climate-driven Hazard & Exposure,Index,,,,,,,,,,,,,,,,,,,1.7,1.7,1.7,1.7,1.7,1.7,1.7,1.7,1.7,1.7
"Slovenia, Rep. of",Climate-driven INFORM Risk Indicator,Index,,,,,,,,,,,,,,,,,,,1.2,1.3,1.2,1.2,1.2,1.2,1.2,1.2,1.5,1.5
"Slovenia, Rep. of",Lack of coping capacity,Index,,,,,,,,,,,,,,,,,,,1.7,1.7,1.8,1.7,1.6,1.6,1.6,1.6,1.6,1.6
"Slovenia, Rep. of",Vulnerability,Index,,,,,,,,,,,,,,,,,,,0.6,0.7,0.6,0.6,0.6,0.6,0.6,0.6,1.3,1.3
Solomon Islands,Climate-driven Hazard & Exposure,Index,,,,,,,,,,,,,,,,,,,2.6,2.6,2.6,2.6,2.6,2.6,2.6,2.6,2.6,2.6
Solomon Islands,Climate-driven INFORM Risk Indicator,Index,,,,,,,,,,,,,,,,,,,4.2,4.5,4.5,4.2,4.1,4.1,4.1,4.1,4.1,4.1
Solomon Islands,Lack of coping capacity,Index,,,,,,,,,,,,,,,,,,,7.1,7.2,7.2,6.5,6.6,6.6,6.5,6.5,6.5,6.5
Solomon Islands,Vulnerability,Index,,,,,,,,,,,,,,,,,,,4.1,4.8,5,4.5,4.1,4,4,4,4,4
Somalia,Climate-driven Hazard & Exposure,Index,,,,,,,,,,,,,,,,,,,7.7,7.7,7.7,7.7,7.7,7.7,7.7,7.7,7.7,7.7
Somalia,Climate-driven INFORM Risk Indicator,Index,,,,,,,,,,,,,,,,,,,8.5,8.5,8.5,8.4,8.3,8.3,8.4,8.3,8.3,8.3
Somalia,Lack of coping capacity,Index,,,,,,,,,,,,,,,,,,,9.1,9.1,8.9,8.8,8.9,8.8,8.8,8.6,8.6,8.6
Somalia,Vulnerability,Index,,,,,,,,,,,,,,,,,,,8.8,8.7,8.9,8.7,8.4,8.4,8.7,8.6,8.6,8.6
South Africa,Climate-driven Hazard & Exposure,Index,,,,,,,,,,,,,,,,,,,5.9,5.9,5.9,5.9,5.9,5.9,5.9,5.9,6,6
South Africa,Climate-driven INFORM Risk Indicator,Index,,,,,,,,,,,,,,,,,,,5.1,5,5.2,4.9,4.9,4.8,4.3,4.8,5.1,5.1
South Africa,Lack of coping capacity,Index,,,,,,,,,,,,,,,,,,,4.7,4.2,4.2,4.2,4.2,4.1,4,4,4,4
South Africa,Vulnerability,Index,,,,,,,,,,,,,,,,,,,4.7,5,5.6,4.7,4.7,4.6,3.4,4.6,5.4,5.4
"South Sudan, Rep. of",Climate-driven Hazard & Exposure,Index,,,,,,,,,,,,,,,,,,,4.1,4.1,4.1,4.1,4.1,4.1,4.1,4.1,4.1,4.1
"South Sudan, Rep. of",Climate-driven INFORM Risk Indicator,Index,,,,,,,,,,,,,,,,,,,6.5,6.8,6.9,7.1,7.1,7,7.1,7,7,7
"South Sudan, Rep. of",Lack of coping capacity,Index,,,,,,,,,,,,,,,,,,,9,9.2,9.3,9.5,9.5,9.5,9.5,9.4,9.4,9.4
"South Sudan, Rep. of",Vulnerability,Index,,,,,,,,,,,,,,,,,,,7.3,8.2,8.5,9,9,8.9,9,9,9,8.8
Spain,Climate-driven Hazard & Exposure,Index,,,,,,,,,,,,,,,,,,,3.4,3.4,3.4,3.4,3.4,3.4,3.4,3.4,3.4,3.4
Spain,Climate-driven INFORM Risk Indicator,Index,,,,,,,,,,,,,,,,,,,2.1,2,2,2.1,2.2,2.3,2.4,2.4,2.5,2.5
Spain,Lack of coping capacity,Index,,,,,,,,,,,,,,,,,,,2.2,1.8,1.8,1.8,1.8,1.8,1.7,1.8,1.8,1.8
Spain,Vulnerability,Index,,,,,,,,,,,,,,,,,,,1.3,1.3,1.3,1.5,1.7,2,2.3,2.3,2.7,2.7
Sri Lanka,Climate-driven Hazard & Exposure,Index,,,,,,,,,,,,,,,,,,,4.6,4.6,4.6,4.6,4.6,4.6,4.6,4.6,4.6,4.6
Sri Lanka,Climate-driven INFORM Risk Indicator,Index,,,,,,,,,,,,,,,,,,,4.4,4.4,4.2,4.2,4.1,4,3.9,3.8,3.7,3.7
Sri Lanka,Lack of coping capacity,Index,,,,,,,,,,,,,,,,,,,4.5,4.2,4.2,4.2,4.1,4.1,4,4,4,4
Sri Lanka,Vulnerability,Index,,,,,,,,,,,,,,,,,,,4.1,4.5,3.8,3.7,3.7,3.4,3.3,3.1,2.8,2.7
St. Kitts and Nevis,Climate-driven Hazard & Exposure,Index,,,,,,,,,,,,,,,,,,,3.1,3.1,3.1,3.1,3.1,3.1,3.1,3.1,3.1,3.1
St. Kitts and Nevis,Climate-driven INFORM Risk Indicator,Index,,,,,,,,,,,,,,,,,,,2.7,2.5,2.4,2.4,2.4,2.3,2.4,2.5,2.5,2.5
St. Kitts and Nevis,Lack of coping capacity,Index,,,,,,,,,,,,,,,,,,,3.5,3.6,3.2,3.2,2.9,2.9,2.9,2.8,2.8,2.8
St. Kitts and Nevis,Vulnerability,Index,,,,,,,,,,,,,,,,,,,1.9,1.4,1.4,1.4,1.6,1.4,1.6,1.7,1.8,1.8
St. Lucia,Climate-driven Hazard & Exposure,Index,,,,,,,,,,,,,,,,,,,2,2,2,2,2,2,2,2,2,2
St. Lucia,Climate-driven INFORM Risk Indicator,Index,,,,,,,,,,,,,,,,,,,2.7,2.6,2.5,3,2.8,2.6,2.6,2.6,2.6,2.6
St. Lucia,Lack of coping capacity,Index,,,,,,,,,,,,,,,,,,,4.1,3.8,3.7,3.9,4,3.9,3.9,3.9,3.9,3.9
St. Lucia,Vulnerability,Index,,,,,,,,,,,,,,,,,,,2.4,2.2,2.1,3.4,2.7,2.3,2.2,2.3,2.3,2.3
St. Vincent and the Grenadines,Climate-driven Hazard & Exposure,Index,,,,,,,,,,,,,,,,,,,1.8,1.8,1.8,1.8,1.8,1.8,1.8,1.8,1.8,1.8
St. Vincent and the Grenadines,Climate-driven INFORM Risk Indicator,Index,,,,,,,,,,,,,,,,,,,2.3,2.1,2.1,2.6,2.6,2.3,2.4,2.4,2.7,2.5
St. Vincent and the Grenadines,Lack of coping capacity,Index,,,,,,,,,,,,,,,,,,,3.6,3.3,3.4,3.4,3.4,3.4,3.4,3.5,3.5,3.5
St. Vincent and the Grenadines,Vulnerability,Index,,,,,,,,,,,,,,,,,,,1.8,1.6,1.6,2.8,2.9,2.1,2.3,2.2,3.3,2.6
Sudan,Climate-driven Hazard & Exposure,Index,,,,,,,,,,,,,,,,,,,5.3,5.3,5.3,5.3,5.3,5.3,5.3,5.3,5.3,5.3
Sudan,Climate-driven INFORM Risk Indicator,Index,,,,,,,,,,,,,,,,,,,6.5,6.4,6.4,6.4,6.3,6.3,6.3,6.3,6.4,6.3
Sudan,Lack of coping capacity,Index,,,,,,,,,,,,,,,,,,,7.2,7,6.9,6.9,6.8,6.8,6.8,6.8,6.7,6.7
Sudan,Vulnerability,Index,,,,,,,,,,,,,,,,,,,7.1,7.2,7.2,7.1,6.8,6.9,7,7,7.3,7.2
Suriname,Climate-driven Hazard & Exposure,Index,,,,,,,,,,,,,,,,,,,4.7,4.7,4.7,4.7,4.7,4.7,4.7,4.7,4.7,4.7
Suriname,Climate-driven INFORM Risk Indicator,Index,,,,,,,,,,,,,,,,,,,3.9,3.8,3.8,3.8,3.9,3.9,3.9,4,4.1,4.1
Suriname,Lack of coping capacity,Index,,,,,,,,,,,,,,,,,,,5,5.1,5.2,4.9,5.1,5,4.8,5,4.9,4.9
Suriname,Vulnerability,Index,,,,,,,,,,,,,,,,,,,2.5,2.3,2.2,2.4,2.5,2.5,2.7,2.8,2.9,3
Sweden,Climate-driven Hazard & Exposure,Index,,,,,,,,,,,,,,,,,,,1.5,1.5,1.5,1.5,1.5,1.5,1.5,1.5,1.5,1.5
Sweden,Climate-driven INFORM Risk Indicator,Index,,,,,,,,,,,,,,,,,,,1.7,1.8,1.9,1.9,1.9,1.9,1.8,1.9,1.9,1.9
Sweden,Lack of coping capacity,Index,,,,,,,,,,,,,,,,,,,1.3,1.5,1.4,1.4,1.4,1.5,1.4,1.5,1.5,1.5
Sweden,Vulnerability,Index,,,,,,,,,,,,,,,,,,,2.5,2.7,3.3,3.2,3.1,3.1,3,2.9,2.9,2.9
Switzerland,Climate-driven Hazard & Exposure,Index,,,,,,,,,,,,,,,,,,,2,2,2,2,2,2,2,2,2,2
Switzerland,Climate-driven INFORM Risk Indicator,Index,,,,,,,,,,,,,,,,,,,1.6,1.6,1.6,1.6,1.6,1.6,1.7,1.7,1.7,1.7
Switzerland,Lack of coping capacity,Index,,,,,,,,,,,,,,,,,,,1,0.9,0.9,0.9,0.9,0.9,0.9,0.9,0.9,0.9
Switzerland,Vulnerability,Index,,,,,,,,,,,,,,,,,,,2.1,2.3,2.3,2.4,2.4,2.4,2.5,2.5,2.5,2.5
Syrian Arab Rep.,Climate-driven Hazard & Exposure,Index,,,,,,,,,,,,,,,,,,,4.9,4.9,4.9,4.9,4.9,4.9,4.9,4.9,5.1,5.1
Syrian Arab Rep.,Climate-driven INFORM Risk Indicator,Index,,,,,,,,,,,,,,,,,,,5.7,5.7,5.8,5.9,5.8,5.8,5.8,5.8,6,6
Syrian Arab Rep.,Lack of coping capacity,Index,,,,,,,,,,,,,,,,,,,5.4,5.4,5.5,5.7,5.5,5.5,5.4,5.5,5.5,5.5
Syrian Arab Rep.,Vulnerability,Index,,,,,,,,,,,,,,,,,,,7,7.1,7.2,7.3,7.2,7.3,7.3,7.3,7.8,7.8
"Tajikistan, Rep. of",Climate-driven Hazard & Exposure,Index,,,,,,,,,,,,,,,,,,,5,5,5,5,5,5,5,5,5,5
"Tajikistan, Rep. of",Climate-driven INFORM Risk Indicator,Index,,,,,,,,,,,,,,,,,,,4.5,4.3,4.4,4.4,4.4,4.4,4.4,4.4,4.5,4.5
"Tajikistan, Rep. of",Lack of coping capacity,Index,,,,,,,,,,,,,,,,,,,5.4,5.1,5,5,5.1,5,5,4.9,4.9,4.9
"Tajikistan, Rep. of",Vulnerability,Index,,,,,,,,,,,,,,,,,,,3.4,3.2,3.3,3.3,3.4,3.4,3.4,3.5,3.8,3.8
"Tanzania, United Rep. of",Climate-driven Hazard & Exposure,Index,,,,,,,,,,,,,,,,,,,4.2,4.2,4.2,4.2,4.2,4.2,4.2,4.2,4.2,4.2
"Tanzania, United Rep. of",Climate-driven INFORM Risk Indicator,Index,,,,,,,,,,,,,,,,,,,5.5,5.4,5.4,5.4,5.4,5.4,5.4,5.3,5.2,5.2
"Tanzania, United Rep. of",Lack of coping capacity,Index,,,,,,,,,,,,,,,,,,,6.8,6.7,6.6,6.4,6.3,6.3,6.3,6.2,6.2,6.2
"Tanzania, United Rep. of",Vulnerability,Index,,,,,,,,,,,,,,,,,,,5.8,5.5,5.7,5.8,5.9,5.8,5.8,5.7,5.5,5.5
Thailand,Climate-driven Hazard & Exposure,Index,,,,,,,,,,,,,,,,,,,6.8,6.8,6.8,6.8,6.8,6.8,6.8,6.8,6.8,6.8
Thailand,Climate-driven INFORM Risk Indicator,Index,,,,,,,,,,,,,,,,,,,4.6,4.5,4.4,4.4,4.5,4.4,4.3,4.3,4.3,4.3
Thailand,Lack of coping capacity,Index,,,,,,,,,,,,,,,,,,,4.2,4.1,4.1,4,3.9,4,3.9,3.9,3.9,3.9
Thailand,Vulnerability,Index,,,,,,,,,,,,,,,,,,,3.5,3.3,3.1,3.1,3.4,3.2,3.1,3,3,2.9
"Timor-Leste, Dem. Rep. of",Climate-driven Hazard & Exposure,Index,,,,,,,,,,,,,,,,,,,2.5,2.5,2.5,2.5,2.5,2.5,2.5,2.5,2.5,2.5
"Timor-Leste, Dem. Rep. of",Climate-driven INFORM Risk Indicator,Index,,,,,,,,,,,,,,,,,,,4.2,4.1,4,4.3,4,4,3.9,3.9,4.2,4
"Timor-Leste, Dem. Rep. of",Lack of coping capacity,Index,,,,,,,,,,,,,,,,,,,6.7,6.4,6.4,6.3,6.1,6.1,5.8,5.8,5.8,5.8
"Timor-Leste, Dem. Rep. of",Vulnerability,Index,,,,,,,,,,,,,,,,,,,4.3,4.2,3.9,5,4.3,4.1,4,4,5.1,4.4
Togo,Climate-driven Hazard & Exposure,Index,,,,,,,,,,,,,,,,,,,2.6,2.6,2.6,2.6,2.6,2.6,2.6,2.6,2.6,2.6
Togo,Climate-driven INFORM Risk Indicator,Index,,,,,,,,,,,,,,,,,,,4.7,4.9,4.8,4.7,4.7,4.6,4.6,4.6,4.6,4.6
Togo,Lack of coping capacity,Index,,,,,,,,,,,,,,,,,,,7.1,8,7.8,7.7,7.7,7.7,7.6,7.5,7.5,7.5
Togo,Vulnerability,Index,,,,,,,,,,,,,,,,,,,5.6,5.5,5.4,5.1,5.1,5,5,5.1,5.1,5.1
Tonga,Climate-driven Hazard & Exposure,Index,,,,,,,,,,,,,,,,,,,2.8,2.8,2.8,2.8,2.8,2.8,2.8,2.8,2.8,2.8
Tonga,Climate-driven INFORM Risk Indicator,Index,,,,,,,,,,,,,,,,,,,3.6,3.5,3.5,3.5,3.4,3.7,3.7,3.7,3.4,3.7
Tonga,Lack of coping capacity,Index,,,,,,,,,,,,,,,,,,,4.9,4.3,4.4,4.4,4.3,4.1,4.2,4.2,4.2,4.2
Tonga,Vulnerability,Index,,,,,,,,,,,,,,,,,,,3.3,3.7,3.6,3.6,3.2,4.5,4.4,4.4,3.4,4.4
Trinidad and Tobago,Climate-driven Hazard & Exposure,Index,,,,,,,,,,,,,,,,,,,2,2,2,2,2,2,2,2,2,2
Trinidad and Tobago,Climate-driven INFORM Risk Indicator,Index,,,,,,,,,,,,,,,,,,,2.2,2.2,2.2,2.2,2.3,2.9,2.8,2.7,2.8,2.8
Trinidad and Tobago,Lack of coping capacity,Index,,,,,,,,,,,,,,,,,,,4,3.5,3.4,3.4,3.3,3.3,3.3,3.3,3.3,3.3
Trinidad and Tobago,Vulnerability,Index,,,,,,,,,,,,,,,,,,,1.4,1.6,1.6,1.6,1.9,3.6,3.2,3,3.3,3.3
Tunisia,Climate-driven Hazard & Exposure,Index,,,,,,,,,,,,,,,,,,,2.8,2.8,2.8,2.8,2.8,2.8,2.8,2.8,2.8,2.8
Tunisia,Climate-driven INFORM Risk Indicator,Index,,,,,,,,,,,,,,,,,,,2.8,2.8,2.7,2.7,2.7,2.8,3,3,3,3
Tunisia,Lack of coping capacity,Index,,,,,,,,,,,,,,,,,,,5,4.9,4.9,4.9,4.8,4.8,4.7,4.7,4.7,4.7
Tunisia,Vulnerability,Index,,,,,,,,,,,,,,,,,,,1.6,1.6,1.5,1.5,1.5,1.6,2,2,2.1,2.1
"Türkiye, Rep. of",Climate-driven Hazard & Exposure,Index,,,,,,,,,,,,,,,,,,,3.1,3.1,3.1,3.1,3.1,3.1,3.1,3.1,3.1,3.1
"Türkiye, Rep. of",Climate-driven INFORM Risk Indicator,Index,,,,,,,,,,,,,,,,,,,3.5,3.5,3.6,3.6,3.6,3.6,3.6,3.6,3.6,3.6
"Türkiye, Rep. of",Lack of coping capacity,Index,,,,,,,,,,,,,,,,,,,3.3,3.2,3.2,3.2,3.2,3.2,3.1,3.2,3.2,3.2
"Türkiye, Rep. of",Vulnerability,Index,,,,,,,,,,,,,,,,,,,4.2,4.4,4.6,4.8,4.8,4.8,4.8,4.8,4.8,4.8
Turkmenistan,Climate-driven Hazard & Exposure,Index,,,,,,,,,,,,,,,,,,,4,4,4,4,4,4,4,4,4,4
Turkmenistan,Climate-driven INFORM Risk Indicator,Index,,,,,,,,,,,,,,,,,,,3.6,3.5,2.9,2.9,3,2.9,2.9,2.8,3.4,3.4
Turkmenistan,Lack of coping capacity,Index,,,,,,,,,,,,,,,,,,,6.3,5.8,5.7,5.8,5.9,5.7,5.8,5.9,5.9,5.9
Turkmenistan,Vulnerability,Index,,,,,,,,,,,,,,,,,,,1.9,1.9,1.1,1.1,1.1,1.1,1.1,0.9,1.6,1.6
Tuvalu,Climate-driven Hazard & Exposure,Index,,,,,,,,,,,,,,,,,,,0.4,0.4,0.4,0.4,0.4,0.4,0.4,0.4,2.1,2.1
Tuvalu,Climate-driven INFORM Risk Indicator,Index,,,,,,,,,,,,,,,,,,,2.1,2.1,2.3,2.3,2.3,2.1,1.9,2.1,3.6,3.6
Tuvalu,Lack of coping capacity,Index,,,,,,,,,,,,,,,,,,,5.7,5.6,5.5,5.5,5.2,5.2,5,5,5,5
Tuvalu,Vulnerability,Index,,,,,,,,,,,,,,,,,,,3.9,3.9,5.7,5.6,5.7,4.4,3.6,4.6,4.6,4.6
Uganda,Climate-driven Hazard & Exposure,Index,,,,,,,,,,,,,,,,,,,4.3,4.3,4.3,4.3,4.3,4.3,4.3,4.3,4.3,4.3
Uganda,Climate-driven INFORM Risk Indicator,Index,,,,,,,,,,,,,,,,,,,5.8,5.8,5.8,5.9,5.9,5.9,5.8,5.9,5.9,5.9
Uganda,Lack of coping capacity,Index,,,,,,,,,,,,,,,,,,,7.5,7.3,7.3,7.2,7.2,7,6.9,7,7,7
Uganda,Vulnerability,Index,,,,,,,,,,,,,,,,,,,6.1,6.2,6.3,6.7,6.8,6.7,6.7,6.8,6.8,6.8
Ukraine,Climate-driven Hazard & Exposure,Index,,,,,,,,,,,,,,,,,,,3.9,3.9,3.9,3.9,3.9,3.9,3.9,3.9,3.9,3.9
Ukraine,Climate-driven INFORM Risk Indicator,Index,,,,,,,,,,,,,,,,,,,3.2,4.1,4.4,4.4,4.2,4.1,4,4,4.6,4.6
Ukraine,Lack of coping capacity,Index,,,,,,,,,,,,,,,,,,,5.3,5,5,5.1,4.8,4.6,4.5,4.4,4.5,4.5
Ukraine,Vulnerability,Index,,,,,,,,,,,,,,,,,,,1.6,3.6,4.4,4.4,3.9,3.9,3.7,3.8,5.4,5.4
United Arab Emirates,Climate-driven Hazard & Exposure,Index,,,,,,,,,,,,,,,,,,,3.6,3.6,3.6,3.6,3.6,3.6,3.6,3.6,3.6,3.6
United Arab Emirates,Climate-driven INFORM Risk Indicator,Index,,,,,,,,,,,,,,,,,,,2.1,1.9,1.8,1.9,1.9,2,1.9,2,2,2
United Arab Emirates,Lack of coping capacity,Index,,,,,,,,,,,,,,,,,,,2.5,1.9,1.9,2,1.8,1.8,1.8,1.8,1.8,1.8
United Arab Emirates,Vulnerability,Index,,,,,,,,,,,,,,,,,,,1.1,1,0.9,1,1,1.2,1.1,1.2,1.2,1.2
United Kingdom,Climate-driven Hazard & Exposure,Index,,,,,,,,,,,,,,,,,,,2.2,2.2,2.2,2.2,2.2,2.2,2.2,2.2,2.2,2.2
United Kingdom,Climate-driven INFORM Risk Indicator,Index,,,,,,,,,,,,,,,,,,,1.9,1.9,1.9,1.9,1.9,2,2,2,2,2
United Kingdom,Lack of coping capacity,Index,,,,,,,,,,,,,,,,,,,1.6,1.5,1.4,1.5,1.5,1.6,1.6,1.6,1.6,1.6
United Kingdom,Vulnerability,Index,,,,,,,,,,,,,,,,,,,2.1,2.1,2.2,2.2,2.2,2.2,2.2,2.2,2.4,2.4
United States,Climate-driven Hazard & Exposure,Index,,,,,,,,,,,,,,,,,,,6.3,6.3,6.3,6.3,6.3,6.3,6.3,6.3,6.3,6.3
United States,Climate-driven INFORM Risk Indicator,Index,,,,,,,,,,,,,,,,,,,3.2,3.2,3.2,3.6,3.7,3.6,3.4,3.5,3.5,3.5
United States,Lack of coping capacity,Index,,,,,,,,,,,,,,,,,,,2.2,2.1,2.1,2,2,2.1,2.1,2.2,2.2,2.2
United States,Vulnerability,Index,,,,,,,,,,,,,,,,,,,2.4,2.5,2.5,3.8,4,3.4,3,3,3.1,3.1
Uruguay,Climate-driven Hazard & Exposure,Index,,,,,,,,,,,,,,,,,,,2.1,2.1,2.1,2.1,2.1,2.1,2.1,2.1,2.1,2.1
Uruguay,Climate-driven INFORM Risk Indicator,Index,,,,,,,,,,,,,,,,,,,2.1,2,2,2.1,2.2,2.3,2.3,1.9,2.4,2.4
Uruguay,Lack of coping capacity,Index,,,,,,,,,,,,,,,,,,,3,2.8,2.8,2.8,2.8,2.8,2.7,2.6,2.6,2.6
Uruguay,Vulnerability,Index,,,,,,,,,,,,,,,,,,,1.5,1.4,1.4,1.5,1.7,2,2.2,1.2,2.5,2.5
"Uzbekistan, Rep. of",Climate-driven Hazard & Exposure,Index,,,,,,,,,,,,,,,,,,,4.9,4.9,4.9,4.9,4.9,4.9,4.9,4.9,4.9,4.9
"Uzbekistan, Rep. of",Climate-driven INFORM Risk Indicator,Index,,,,,,,,,,,,,,,,,,,3.7,3.7,3.4,3.3,3.3,3.3,3.3,3.3,3.9,3.9
"Uzbekistan, Rep. of",Lack of coping capacity,Index,,,,,,,,,,,,,,,,,,,4.3,4.2,4.1,4.1,4,4,3.8,3.8,3.8,3.8
"Uzbekistan, Rep. of",Vulnerability,Index,,,,,,,,,,,,,,,,,,,2.4,2.4,1.9,1.8,1.9,1.9,1.9,1.9,3.1,3.1
Vanuatu,Climate-driven Hazard & Exposure,Index,,,,,,,,,,,,,,,,,,,3.5,3.5,3.5,3.5,3.5,3.5,3.5,3.5,3.5,3.5
Vanuatu,Climate-driven INFORM Risk Indicator,Index,,,,,,,,,,,,,,,,,,,4.1,4.4,4.7,4.6,4.5,4.2,4,4.4,4.4,4.3
Vanuatu,Lack of coping capacity,Index,,,,,,,,,,,,,,,,,,,5.8,5.8,5.9,5.8,5.7,5.5,5.4,5.5,5.5,5.5
Vanuatu,Vulnerability,Index,,,,,,,,,,,,,,,,,,,3.5,4.2,4.9,4.7,4.7,3.9,3.5,4.5,4.5,4
"Venezuela, Rep. Bolivariana de",Climate-driven Hazard & Exposure,Index,,,,,,,,,,,,,,,,,,,4.3,4.3,4.3,4.3,4.3,4.3,4.3,4.3,4.3,4.3
"Venezuela, Rep. Bolivariana de",Climate-driven INFORM Risk Indicator,Index,,,,,,,,,,,,,,,,,,,4.4,4.3,4.1,4.2,4.3,4.2,4.3,4.4,4.4,4.3
"Venezuela, Rep. Bolivariana de",Lack of coping capacity,Index,,,,,,,,,,,,,,,,,,,5.4,5.4,4.5,4.6,4.6,4.8,4.9,5,5,5
"Venezuela, Rep. Bolivariana de",Vulnerability,Index,,,,,,,,,,,,,,,,,,,3.6,3.5,3.6,3.8,3.9,3.7,3.9,3.9,4,3.8
Vietnam,Climate-driven Hazard & Exposure,Index,,,,,,,,,,,,,,,,,,,8.2,8.2,8.2,8.2,8.2,8.2,8.2,8.2,8.2,8.2
Vietnam,Climate-driven INFORM Risk Indicator,Index,,,,,,,,,,,,,,,,,,,4.4,4.4,4.4,4.4,4.5,4.3,4.2,4.2,4.1,4
Vietnam,Lack of coping capacity,Index,,,,,,,,,,,,,,,,,,,4.6,4.4,4.4,4.3,4.2,4.3,4.1,4.1,4,4
Vietnam,Vulnerability,Index,,,,,,,,,,,,,,,,,,,2.3,2.3,2.3,2.4,2.7,2.3,2.2,2.2,2.1,2
West Bank and Gaza,Climate-driven Hazard & Exposure,Index,,,,,,,,,,,,,,,,,,,0.6,0.6,0.6,0.6,0.6,0.6,0.6,0.6,0.6,0.6
West Bank and Gaza,Climate-driven INFORM Risk Indicator,Index,,,,,,,,,,,,,,,,,,,2.6,2.5,2.5,2.5,2.4,2.5,2.5,2.5,2.4,2.4
West Bank and Gaza,Lack of coping capacity,Index,,,,,,,,,,,,,,,,,,,4.8,4,3.9,4,3.8,4.1,4,4,4,4
West Bank and Gaza,Vulnerability,Index,,,,,,,,,,,,,,,,,,,6.3,6.3,6.3,6.3,6.2,6.3,6.3,6.2,6.1,6.1
"Yemen, Rep. of",Climate-driven Hazard & Exposure,Index,,,,,,,,,,,,,,,,,,,3.3,3.3,3.3,3.3,3.3,3.3,3.3,3.3,3.3,3.3
"Yemen, Rep. of",Climate-driven INFORM Risk Indicator,Index,,,,,,,,,,,,,,,,,,,5.5,5.5,5.8,5.8,5.9,6,6,6,6,6
"Yemen, Rep. of",Lack of coping capacity,Index,,,,,,,,,,,,,,,,,,,7.8,7.7,7.8,7.8,7.8,8,8,7.9,7.9,7.9
"Yemen, Rep. of",Vulnerability,Index,,,,,,,,,,,,,,,,,,,6.5,6.6,7.7,7.7,7.9,8.1,8.3,8.2,8.1,8.1
Zambia,Climate-driven Hazard & Exposure,Index,,,,,,,,,,,,,,,,,,,3.7,3.7,3.7,3.7,3.7,3.7,3.7,3.7,3.8,3.8
Zambia,Climate-driven INFORM Risk Indicator,Index,,,,,,,,,,,,,,,,,,,5,5,5,5,5,5,5,5.1,5.2,5.1
Zambia,Lack of coping capacity,Index,,,,,,,,,,,,,,,,,,,6.1,6.2,6.2,6.1,5.9,5.9,5.9,5.9,5.9,5.9
Zambia,Vulnerability,Index,,,,,,,,,,,,,,,,,,,5.7,5.6,5.6,5.6,5.7,5.7,5.7,5.9,6.2,6
Zimbabwe,Climate-driven Hazard & Exposure,Index,,,,,,,,,,,,,,,,,,,6.6,6.6,6.6,6.6,6.6,6.6,6.6,6.6,6.6,6.6
Zimbabwe,Climate-driven INFORM Risk Indicator,Index,,,,,,,,,,,,,,,,,,,6.3,5.8,6.1,5.8,5.9,5.8,6.2,6.2,6.2,5.9
Zimbabwe,Lack of coping capacity,Index,,,,,,,,,,,,,,,,,,,7.2,5.9,5.9,5.9,5.8,5.8,5.9,5.8,5.8,5.8
Zimbabwe,Vulnerability,Index,,,,,,,,,,,,,,,,,,,5.3,5.1,5.8,5.1,5.3,5.1,6.1,6.2,6.2,5.4
